"Story","Title","Result","Date","Stability","Duration (s)"
"Delete fitur in reqres","Delete user with valid parameter id","SUCCESS","2023-07-10T09:57:28.57179+07:00[Asia/Jakarta]","0.0","7.56"
"API AUTOMED TUGAS QA BATCH 11","Get Single User with valid parameter page","SUCCESS","2023-07-10T09:57:36.195748+07:00[Asia/Jakarta]","0.0","2.59"
"API AUTOMED TUGAS QA BATCH 11","Get Single User not found","SUCCESS","2023-07-10T09:57:38.8051384+07:00[Asia/Jakarta]","0.0","0.55"
"API AUTOMED TUGAS QA BATCH 11","Get list resource with valid parameter id","SUCCESS","2023-07-10T09:57:39.368973+07:00[Asia/Jakarta]","0.0","1.56"
"API AUTOMED TUGAS QA BATCH 11","Get single resource not found","SUCCESS","2023-07-10T09:57:40.9586439+07:00[Asia/Jakarta]","0.0","0.54"
"API AUTOMED TUGAS QA BATCH 11","Get List Users with valid parameter page","SUCCESS","2023-07-10T09:57:41.5096644+07:00[Asia/Jakarta]","0.0","0.62"
"API AUTOMED TUGAS QA BATCH 11","Get delayed response","SUCCESS","2023-07-10T09:57:42.1879918+07:00[Asia/Jakarta]","0.0","3.93"
"testing POST in reqres web","Post login succesfully","SUCCESS","2023-07-10T09:57:46.1553098+07:00[Asia/Jakarta]","0.0","0.79"
"testing POST in reqres web","Post login with empty email and send password","SUCCESS","2023-07-10T09:57:46.9998565+07:00[Asia/Jakarta]","0.0","0.85"
"testing POST in reqres web","Post login unsuccesfully","SUCCESS","2023-07-10T09:57:47.912229+07:00[Asia/Jakarta]","0.0","0.6"
"testing POST in reqres web","Post register succesfull","SUCCESS","2023-07-10T09:57:48.524738+07:00[Asia/Jakarta]","0.0","0.74"
"testing POST in reqres web","Post register with empty email and empty password","SUCCESS","2023-07-10T09:57:49.271567+07:00[Asia/Jakarta]","0.0","0.51"
"testing POST in reqres web","Post register unsuccessfull","SUCCESS","2023-07-10T09:57:49.7889883+07:00[Asia/Jakarta]","0.0","0.51"
"testing POST in reqres web","Post create new user with valid JSON","SUCCESS","2023-07-10T09:57:50.3107618+07:00[Asia/Jakarta]","0.0","0.56"
"PUT in reqres","Put update user with valid parameter id and JSON","SUCCESS","2023-07-10T09:57:50.8979622+07:00[Asia/Jakarta]","0.0","1.2"
"PUT in reqres","Put update user with invalid name in JSON","FAILURE","2023-07-10T09:57:52.1175225+07:00[Asia/Jakarta]","0.0","1.86"
