"Story","Title","Result","Date","Stability","Duration (s)"
"API AUTOMED TUGAS QA BATCH 11","Get Single User with valid parameter page","SUCCESS","2023-07-10T09:57:36.195748+07:00[Asia/Jakarta]","0.0","2.59"
"API AUTOMED TUGAS QA BATCH 11","Get Single User not found","SUCCESS","2023-07-10T09:57:38.8051384+07:00[Asia/Jakarta]","0.0","0.55"
"API AUTOMED TUGAS QA BATCH 11","Get list resource with valid parameter id","SUCCESS","2023-07-10T09:57:39.368973+07:00[Asia/Jakarta]","0.0","1.56"
"API AUTOMED TUGAS QA BATCH 11","Get single resource not found","SUCCESS","2023-07-10T09:57:40.9586439+07:00[Asia/Jakarta]","0.0","0.54"
"API AUTOMED TUGAS QA BATCH 11","Get List Users with valid parameter page","SUCCESS","2023-07-10T09:57:41.5096644+07:00[Asia/Jakarta]","0.0","0.62"
"API AUTOMED TUGAS QA BATCH 11","Get delayed response","SUCCESS","2023-07-10T09:57:42.1879918+07:00[Asia/Jakarta]","0.0","3.93"
