{"name":"Get list resource with valid parameter id","id":"api-automed-tugas-qa-batch-11;get-list-resource-with-valid-parameter-id","testSteps":[{"number":1,"description":"1: Get list resource with valid parameter id ({id\u003d1, Name\u003dcerulean, Year\u003d2000, Color\u003d#98B2D1, Pantone-value\u003d15-4020})","duration":610,"startTime":"2023-07-10T09:57:39.379520+07:00[Asia/Jakarta]","result":"SUCCESS","precondition":false,"level":0,"lineNumber":31,"children":[{"number":2,"description":"Given Get list resource with valid parameter id 1","duration":8,"startTime":"2023-07-10T09:57:39.381520300+07:00[Asia/Jakarta]","result":"SUCCESS","precondition":false,"level":1,"children":[{"number":3,"description":"GET list resource","duration":0,"startTime":"2023-07-10T09:57:39.387274+07:00[Asia/Jakarta]","result":"SUCCESS","precondition":false,"level":2}]},{"number":4,"description":"When Send request list resource","duration":470,"startTime":"2023-07-10T09:57:39.393273200+07:00[Asia/Jakarta]","result":"SUCCESS","precondition":false,"level":1,"children":[{"number":5,"description":"GET https://reqres.in/api/unknown/1\r","duration":0,"startTime":"2023-07-10T09:57:39.861647400+07:00[Asia/Jakarta]","result":"SUCCESS","restQuery":{"method":"GET","path":"https://reqres.in/api/unknown/1\r","content":"\r","contentType":"null","requestHeaders":"Accept\u003d*/*\r","requestCookies":"\r","responseHeaders":"Date: Mon, 10 Jul 2023 02:57:40 GMT\r\nContent-Type: application/json; charset\u003dutf-8\r\nTransfer-Encoding: chunked\r\nConnection: keep-alive\r\nX-Powered-By: Express\r\nAccess-Control-Allow-Origin: *\r\nEtag: W/\"e4-2W7ZNEqb4DWjJCUXzZoMFmGhgio\"\r\nVia: 1.1 vegur\r\nCache-Control: max-age\u003d14400\r\nCF-Cache-Status: REVALIDATED\r\nReport-To: {\"endpoints\":[{\"url\":\"https:\\/\\/a.nel.cloudflare.com\\/report\\/v3?s\u003dbiU4RJthqw3pixLnIGvFutvpRUIiGbXAwEh44yafJ0OkVA1uRRJwB9%2FSi9D5w7QhUQ%2Bh4sEIhjgfSeYpe5M0CebRjwvAB9YNbJ7AURSuspF2fvcaCgLZpYODiw%3D%3D\"}],\"group\":\"cf-nel\",\"max_age\":604800}\r\nNEL: {\"success_fraction\":0,\"report_to\":\"cf-nel\",\"max_age\":604800}\r\nVary: Accept-Encoding\r\nServer: cloudflare\r\nCF-RAY: 7e458a618dc24038-SIN\r\nContent-Encoding: gzip\r","responseCookies":"\r","responseBody":"{\n    \"data\": {\n        \"id\": 1,\n        \"name\": \"cerulean\",\n        \"year\": 2000,\n        \"color\": \"#98B2D1\",\n        \"pantone_value\": \"15-4020\"\n    },\n    \"support\": {\n        \"url\": \"https://reqres.in/#support-heading\",\n        \"text\": \"To keep ReqRes free, contributions towards server costs are appreciated!\"\n    }\n}","statusCode":200},"precondition":false,"level":2}]},{"number":6,"description":"Then Status code should be 200 OK","duration":7,"startTime":"2023-07-10T09:57:39.865166400+07:00[Asia/Jakarta]","result":"SUCCESS","precondition":false,"level":1},{"number":7,"description":"And Response body displays several options cerulean 2000 #98B2D1 15-4020","duration":70,"startTime":"2023-07-10T09:57:39.872414300+07:00[Asia/Jakarta]","result":"SUCCESS","precondition":false,"level":1},{"number":8,"description":"And Response body displays support url \"https://reqres.in/#support-heading\"","duration":35,"startTime":"2023-07-10T09:57:39.942725800+07:00[Asia/Jakarta]","result":"SUCCESS","precondition":false,"level":1},{"number":9,"description":"And Validate get list resource JSON schema","duration":10,"startTime":"2023-07-10T09:57:39.978873600+07:00[Asia/Jakarta]","result":"SUCCESS","precondition":false,"level":1}]},{"number":10,"description":"2: Get list resource with valid parameter id ({id\u003d2, Name\u003dfuchsia rose, Year\u003d2001, Color\u003d#C74375, Pantone-value\u003d17-2031})","duration":622,"startTime":"2023-07-10T09:57:40.006504+07:00[Asia/Jakarta]","result":"SUCCESS","precondition":false,"level":0,"lineNumber":32,"children":[{"number":11,"description":"Given Get list resource with valid parameter id 2","duration":10,"startTime":"2023-07-10T09:57:40.018910+07:00[Asia/Jakarta]","result":"SUCCESS","precondition":false,"level":1,"children":[{"number":12,"description":"GET list resource","duration":1,"startTime":"2023-07-10T09:57:40.027661700+07:00[Asia/Jakarta]","result":"SUCCESS","precondition":false,"level":2}]},{"number":13,"description":"When Send request list resource","duration":486,"startTime":"2023-07-10T09:57:40.037234+07:00[Asia/Jakarta]","result":"SUCCESS","precondition":false,"level":1,"children":[{"number":14,"description":"GET https://reqres.in/api/unknown/2\r","duration":0,"startTime":"2023-07-10T09:57:40.518733600+07:00[Asia/Jakarta]","result":"SUCCESS","restQuery":{"method":"GET","path":"https://reqres.in/api/unknown/2\r","content":"\r","contentType":"null","requestHeaders":"Accept\u003d*/*\r","requestCookies":"\r","responseHeaders":"Date: Mon, 10 Jul 2023 02:57:41 GMT\r\nContent-Type: application/json; charset\u003dutf-8\r\nTransfer-Encoding: chunked\r\nConnection: keep-alive\r\nX-Powered-By: Express\r\nAccess-Control-Allow-Origin: *\r\nEtag: W/\"e8-ov4wWh4/OY1IMQMqWgskYtOFnVs\"\r\nVia: 1.1 vegur\r\nCache-Control: max-age\u003d14400\r\nCF-Cache-Status: REVALIDATED\r\nReport-To: {\"endpoints\":[{\"url\":\"https:\\/\\/a.nel.cloudflare.com\\/report\\/v3?s\u003dhO93P2abxvDbqEoH76CkRC34DYaLezlmUYEFOK0AAihueIX%2F198JrKzyDzjh3reNJLfcpWSrMfU7lOAZq%2B9x5FZGkNOsVKVReSw3lW6877vNqV2k20u90rYefg%3D%3D\"}],\"group\":\"cf-nel\",\"max_age\":604800}\r\nNEL: {\"success_fraction\":0,\"report_to\":\"cf-nel\",\"max_age\":604800}\r\nVary: Accept-Encoding\r\nServer: cloudflare\r\nCF-RAY: 7e458a65880740aa-SIN\r\nContent-Encoding: gzip\r","responseCookies":"\r","responseBody":"{\n    \"data\": {\n        \"id\": 2,\n        \"name\": \"fuchsia rose\",\n        \"year\": 2001,\n        \"color\": \"#C74375\",\n        \"pantone_value\": \"17-2031\"\n    },\n    \"support\": {\n        \"url\": \"https://reqres.in/#support-heading\",\n        \"text\": \"To keep ReqRes free, contributions towards server costs are appreciated!\"\n    }\n}","statusCode":200},"precondition":false,"level":2}]},{"number":15,"description":"Then Status code should be 200 OK","duration":10,"startTime":"2023-07-10T09:57:40.526812700+07:00[Asia/Jakarta]","result":"SUCCESS","precondition":false,"level":1},{"number":16,"description":"And Response body displays several options fuchsia rose 2001 #C74375 17-2031","duration":52,"startTime":"2023-07-10T09:57:40.538373700+07:00[Asia/Jakarta]","result":"SUCCESS","precondition":false,"level":1},{"number":17,"description":"And Response body displays support url \"https://reqres.in/#support-heading\"","duration":24,"startTime":"2023-07-10T09:57:40.592282400+07:00[Asia/Jakarta]","result":"SUCCESS","precondition":false,"level":1},{"number":18,"description":"And Validate get list resource JSON schema","duration":9,"startTime":"2023-07-10T09:57:40.618961300+07:00[Asia/Jakarta]","result":"SUCCESS","precondition":false,"level":1}]},{"number":19,"description":"3: Get list resource with valid parameter id ({id\u003d3, Name\u003dtrue red, Year\u003d2002, Color\u003d#BF1932, Pantone-value\u003d19-1664})","duration":277,"startTime":"2023-07-10T09:57:40.654460200+07:00[Asia/Jakarta]","result":"SUCCESS","precondition":false,"level":0,"lineNumber":33,"children":[{"number":20,"description":"Given Get list resource with valid parameter id 3","duration":8,"startTime":"2023-07-10T09:57:40.657833300+07:00[Asia/Jakarta]","result":"SUCCESS","precondition":false,"level":1,"children":[{"number":21,"description":"GET list resource","duration":1,"startTime":"2023-07-10T09:57:40.663296600+07:00[Asia/Jakarta]","result":"SUCCESS","precondition":false,"level":2}]},{"number":22,"description":"When Send request list resource","duration":144,"startTime":"2023-07-10T09:57:40.668530900+07:00[Asia/Jakarta]","result":"SUCCESS","precondition":false,"level":1,"children":[{"number":23,"description":"GET https://reqres.in/api/unknown/3\r","duration":0,"startTime":"2023-07-10T09:57:40.810643500+07:00[Asia/Jakarta]","result":"SUCCESS","restQuery":{"method":"GET","path":"https://reqres.in/api/unknown/3\r","content":"\r","contentType":"null","requestHeaders":"Accept\u003d*/*\r","requestCookies":"\r","responseHeaders":"Date: Mon, 10 Jul 2023 02:57:41 GMT\r\nContent-Type: application/json; charset\u003dutf-8\r\nTransfer-Encoding: chunked\r\nConnection: keep-alive\r\nX-Powered-By: Express\r\nAccess-Control-Allow-Origin: *\r\nEtag: W/\"e4-py6WoYH4u/mttR/LvDYFJjGqZUg\"\r\nVia: 1.1 vegur\r\nCache-Control: max-age\u003d14400\r\nCF-Cache-Status: HIT\r\nAge: 3156\r\nReport-To: {\"endpoints\":[{\"url\":\"https:\\/\\/a.nel.cloudflare.com\\/report\\/v3?s\u003dfqly8GAtCzbtGeR3IAy%2FXiyq2hAALjm%2FZizWP0U2iHcVIISejVTkZiKolPednY3pN5%2BUMLQNPp5lGCNcEPdiTkU2OVm%2B8s3lv0GmXOiioZu8csfWBufytaJ6fw%3D%3D\"}],\"group\":\"cf-nel\",\"max_age\":604800}\r\nNEL: {\"success_fraction\":0,\"report_to\":\"cf-nel\",\"max_age\":604800}\r\nVary: Accept-Encoding\r\nServer: cloudflare\r\nCF-RAY: 7e458a6989d83f6e-SIN\r\nContent-Encoding: gzip\r","responseCookies":"\r","responseBody":"{\n    \"data\": {\n        \"id\": 3,\n        \"name\": \"true red\",\n        \"year\": 2002,\n        \"color\": \"#BF1932\",\n        \"pantone_value\": \"19-1664\"\n    },\n    \"support\": {\n        \"url\": \"https://reqres.in/#support-heading\",\n        \"text\": \"To keep ReqRes free, contributions towards server costs are appreciated!\"\n    }\n}","statusCode":200},"precondition":false,"level":2}]},{"number":24,"description":"Then Status code should be 200 OK","duration":6,"startTime":"2023-07-10T09:57:40.815244900+07:00[Asia/Jakarta]","result":"SUCCESS","precondition":false,"level":1},{"number":25,"description":"And Response body displays several options true red 2002 #BF1932 19-1664","duration":64,"startTime":"2023-07-10T09:57:40.822996500+07:00[Asia/Jakarta]","result":"SUCCESS","precondition":false,"level":1},{"number":26,"description":"And Response body displays support url \"https://reqres.in/#support-heading\"","duration":29,"startTime":"2023-07-10T09:57:40.888563200+07:00[Asia/Jakarta]","result":"SUCCESS","precondition":false,"level":1},{"number":27,"description":"And Validate get list resource JSON schema","duration":10,"startTime":"2023-07-10T09:57:40.919057500+07:00[Asia/Jakarta]","result":"SUCCESS","precondition":false,"level":1}]}],"userStory":{"id":"api-automed-tugas-qa-batch-11","storyName":"API AUTOMED TUGAS QA BATCH 11","path":"classpath:features/Reqres/GET.feature","type":"feature"},"featureTag":{"name":"Reqres/API AUTOMED TUGAS QA BATCH 11","type":"feature","displayName":"Reqres/API AUTOMED TUGAS QA BATCH 11"},"title":"Get list resource with valid parameter id","description":"","tags":[{"name":"Reqres","type":"capability","displayName":"Reqres"},{"name":"Tugas","type":"tag","displayName":"Tugas"},{"name":"Reqres/API AUTOMED TUGAS QA BATCH 11","type":"feature","displayName":"API AUTOMED TUGAS QA BATCH 11"}],"startTime":"2023-07-10T09:57:39.368973+07:00[Asia/Jakarta]","duration":1563,"projectKey":"","isManualTestingUpToDate":false,"dataTable":{"headers":["id","Name","Year","Color","Pantone-value"],"rows":[{"values":["1","cerulean","2000","#98B2D1","15-4020"],"lineNumber":31,"result":"SUCCESS"},{"values":["2","fuchsia rose","2001","#C74375","17-2031"],"lineNumber":32,"result":"SUCCESS"},{"values":["3","true red","2002","#BF1932","19-1664"],"lineNumber":33,"result":"SUCCESS"}],"predefinedRows":true,"scenarioOutline":"Given Get list resource with valid parameter id \u003cid\u003e\n\rWhen Send request list resource\n\rThen Status code should be 200 OK\n\rAnd Response body displays several options \u003cName\u003e \u003cYear\u003e \u003cColor\u003e \u003cPantone-value\u003e\n\rAnd Response body displays support url \"https://reqres.in/#support-heading\"\n\rAnd Validate get list resource JSON schema\n\r","dataSetDescriptors":[{"startRow":0,"rowCount":0,"name":"","description":""}]},"manual":false,"testSource":"Cucumber","result":"SUCCESS","scenarioOutline":"Given Get list resource with valid parameter id \u003cid\u003e\r\nWhen Send request list resource\r\nThen Status code should be 200 OK\r\nAnd Response body displays several options \u003cName\u003e \u003cYear\u003e \u003cColor\u003e \u003cPantone-value\u003e\r\nAnd Response body displays support url \"https://reqres.in/#support-heading\"\r\nAnd Validate get list resource JSON schema"}