{"name":"Post create new user with valid JSON","id":"testing-post-in-reqres-web;post-create-new-user-with-valid-json","testSteps":[{"number":1,"description":"Given Post create user with valid json","duration":11,"startTime":"2023-07-10T09:57:50.315278900+07:00[Asia/Jakarta]","result":"SUCCESS","precondition":false,"level":0,"children":[{"number":2,"description":"Post create new user","duration":5,"startTime":"2023-07-10T09:57:50.318287+07:00[Asia/Jakarta]","result":"SUCCESS","precondition":false,"level":1}]},{"number":3,"description":"When Send request post create user","duration":505,"startTime":"2023-07-10T09:57:50.327348200+07:00[Asia/Jakarta]","result":"SUCCESS","precondition":false,"level":0,"children":[{"number":4,"description":"POST https://reqres.in/api/users/id\r","duration":0,"startTime":"2023-07-10T09:57:50.830442900+07:00[Asia/Jakarta]","result":"SUCCESS","restQuery":{"method":"POST","path":"https://reqres.in/api/users/id\r","content":"D:\\ALTA-Serenity-Rest-QE11-Khairul-Fahmi\\src\\test\\resources\\JSON\\ReqBody\\User.json\r","contentType":"application/json","requestHeaders":"Accept\u003d*/*\r\n\t\t\t\tContent-Type\u003dapplication/json; charset\u003dUTF-8\r","requestCookies":"\r","responseHeaders":"Date: Mon, 10 Jul 2023 02:57:51 GMT\r\nContent-Type: application/json; charset\u003dutf-8\r\nContent-Length: 87\r\nConnection: keep-alive\r\nX-Powered-By: Express\r\nAccess-Control-Allow-Origin: *\r\nEtag: W/\"57-YS6dbvQNtbI84Skfhpa05Fgz36A\"\r\nVia: 1.1 vegur\r\nCF-Cache-Status: DYNAMIC\r\nReport-To: {\"endpoints\":[{\"url\":\"https:\\/\\/a.nel.cloudflare.com\\/report\\/v3?s\u003d9DS8dYr3MQH8ZbdMT8FzrF3Y8LMq%2FyRPEgOBpMMPnFaBPn%2BRA8YwVDAmXwFw1sVyj4WYJChFbgVgOFUfqGaCrSAcS4MN7M5GABOLPf30cV5HPX4qy%2BajLxTYPQ%3D%3D\"}],\"group\":\"cf-nel\",\"max_age\":604800}\r\nNEL: {\"success_fraction\":0,\"report_to\":\"cf-nel\",\"max_age\":604800}\r\nServer: cloudflare\r\nCF-RAY: 7e458aa5fabb881a-SIN\r","responseCookies":"\r","responseBody":"{\n    \"name\": \"Khairul\",\n    \"job\": \"TukangBegal\",\n    \"id\": \"19\",\n    \"createdAt\": \"2023-07-10T02:57:51.308Z\"\n}","statusCode":201},"precondition":false,"level":1}]},{"number":5,"description":"Then Status code should be 201 created","duration":1,"startTime":"2023-07-10T09:57:50.832442100+07:00[Asia/Jakarta]","result":"SUCCESS","precondition":false,"level":0},{"number":6,"description":"And Response body name was \"Khairul\" and job was \"TukangBegal\"","duration":27,"startTime":"2023-07-10T09:57:50.834957700+07:00[Asia/Jakarta]","result":"SUCCESS","precondition":false,"level":0},{"number":7,"description":"And Validate post create JSON schema","duration":7,"startTime":"2023-07-10T09:57:50.863128700+07:00[Asia/Jakarta]","result":"SUCCESS","precondition":false,"level":0}],"userStory":{"id":"testing-post-in-reqres-web","storyName":"testing POST in reqres web","path":"classpath:features/Reqres/POST.feature","type":"feature"},"featureTag":{"name":"Reqres/testing POST in reqres web","type":"feature","displayName":"Reqres/testing POST in reqres web"},"title":"Post create new user with valid JSON","description":"","tags":[{"name":"Reqres","type":"capability","displayName":"Reqres"},{"name":"Tugas","type":"tag","displayName":"Tugas"},{"name":"Reqres/testing POST in reqres web","type":"feature","displayName":"testing POST in reqres web"}],"startTime":"2023-07-10T09:57:50.310761800+07:00[Asia/Jakarta]","duration":561,"projectKey":"","isManualTestingUpToDate":false,"manual":false,"testSource":"Cucumber","result":"SUCCESS"}