{"name":"Post register unsuccessfull","id":"testing-post-in-reqres-web;post-register-unsuccessfull","testSteps":[{"number":1,"description":"Given Post register with valid email and empty password","duration":7,"startTime":"2023-07-10T09:57:49.793988500+07:00[Asia/Jakarta]","result":"SUCCESS","precondition":false,"level":0,"children":[{"number":2,"description":"Post register unssuccesfull","duration":1,"startTime":"2023-07-10T09:57:49.798519300+07:00[Asia/Jakarta]","result":"SUCCESS","precondition":false,"level":1}]},{"number":3,"description":"When Send request register unsuccessfull","duration":466,"startTime":"2023-07-10T09:57:49.802520800+07:00[Asia/Jakarta]","result":"SUCCESS","precondition":false,"level":0,"children":[{"number":4,"description":"POST https://reqres.in/api/register\r","duration":0,"startTime":"2023-07-10T09:57:50.268514200+07:00[Asia/Jakarta]","result":"SUCCESS","restQuery":{"method":"POST","path":"https://reqres.in/api/register\r","content":"D:\\ALTA-Serenity-Rest-QE11-Khairul-Fahmi\\src\\test\\resources\\JSON\\ReqBody\\RegisterUNsuccessfull.json\r","contentType":"application/json","requestHeaders":"Accept\u003d*/*\r\n\t\t\t\tContent-Type\u003dapplication/json; charset\u003dUTF-8\r","requestCookies":"\r","responseHeaders":"Date: Mon, 10 Jul 2023 02:57:50 GMT\r\nContent-Type: application/json; charset\u003dutf-8\r\nContent-Length: 28\r\nConnection: keep-alive\r\nX-Powered-By: Express\r\nAccess-Control-Allow-Origin: *\r\nEtag: W/\"1c-NmpazMScs9tOqR7eDEesn+pqC9Q\"\r\nVia: 1.1 vegur\r\nCF-Cache-Status: DYNAMIC\r\nReport-To: {\"endpoints\":[{\"url\":\"https:\\/\\/a.nel.cloudflare.com\\/report\\/v3?s\u003dXRPsmzPrpGx1M9jyo72qmdWq4nHJo8eAyu4AOu2U8GhyzolpqDu8nZDQkvXialHyfYn0NyX1NxlUjJmceq02pgfhBubHpxgQtXJDhupAWezHw%2FNke6xEkQKOEQ%3D%3D\"}],\"group\":\"cf-nel\",\"max_age\":604800}\r\nNEL: {\"success_fraction\":0,\"report_to\":\"cf-nel\",\"max_age\":604800}\r\nServer: cloudflare\r\nCF-RAY: 7e458aa298c240ea-SIN\r","responseCookies":"\r","responseBody":"{\n    \"error\": \"Missing password\"\n}","statusCode":400},"precondition":false,"level":1}]},{"number":5,"description":"Then Status code should be 400 created","duration":4,"startTime":"2023-07-10T09:57:50.270517600+07:00[Asia/Jakarta]","result":"SUCCESS","precondition":false,"level":0},{"number":6,"description":"And Responses body is \"Missing password\"","duration":18,"startTime":"2023-07-10T09:57:50.276039600+07:00[Asia/Jakarta]","result":"SUCCESS","precondition":false,"level":0},{"number":7,"description":"And Validate post register unsuccessfull JSON schema","duration":6,"startTime":"2023-07-10T09:57:50.295189800+07:00[Asia/Jakarta]","result":"SUCCESS","precondition":false,"level":0}],"userStory":{"id":"testing-post-in-reqres-web","storyName":"testing POST in reqres web","path":"classpath:features/Reqres/POST.feature","type":"feature"},"featureTag":{"name":"Reqres/testing POST in reqres web","type":"feature","displayName":"Reqres/testing POST in reqres web"},"title":"Post register unsuccessfull","description":"","tags":[{"name":"Reqres","type":"capability","displayName":"Reqres"},{"name":"Tugas","type":"tag","displayName":"Tugas"},{"name":"Reqres/testing POST in reqres web","type":"feature","displayName":"testing POST in reqres web"}],"startTime":"2023-07-10T09:57:49.788988300+07:00[Asia/Jakarta]","duration":514,"projectKey":"","isManualTestingUpToDate":false,"manual":false,"testSource":"Cucumber","result":"SUCCESS"}