{"name":"Put update user with invalid name in JSON","id":"put-in-reqres;put-update-user-with-invalid-name-in-json","testSteps":[{"number":1,"description":"1: Put update user with invalid name in JSON ({id\u003d1})","duration":531,"startTime":"2023-07-10T09:57:52.124024300+07:00[Asia/Jakarta]","exception":{"errorType":"java.lang.AssertionError","message":"1 expectation failed.\nExpected status code \u003c400\u003e but was \u003c200\u003e.\n","stackTrace":[{"declaringClass":"io.restassured.internal.ResponseSpecificationImpl","methodName":"validateResponseIfRequired","fileName":"ResponseSpecificationImpl.groovy","lineNumber":674},{"declaringClass":"io.restassured.internal.ResponseSpecificationImpl","methodName":"statusCode","fileName":"ResponseSpecificationImpl.groovy","lineNumber":126},{"declaringClass":"io.restassured.internal.ResponseSpecificationImpl","methodName":"statusCode","fileName":"ResponseSpecificationImpl.groovy","lineNumber":134},{"declaringClass":"io.restassured.internal.ValidatableResponseOptionsImpl","methodName":"statusCode","fileName":"ValidatableResponseOptionsImpl.java","lineNumber":89},{"declaringClass":"io.restassured.internal.ValidatableResponseImpl","methodName":"super$2$statusCode","fileName":"ValidatableResponseImpl.groovy","lineNumber":-1},{"declaringClass":"groovy.lang.MetaMethod","methodName":"doMethodInvoke","fileName":"MetaMethod.java","lineNumber":323},{"declaringClass":"groovy.lang.MetaClassImpl","methodName":"invokeMethod","fileName":"MetaClassImpl.java","lineNumber":1267},{"declaringClass":"io.restassured.internal.ValidatableResponseImpl","methodName":"statusCode","fileName":"ValidatableResponseImpl.groovy","lineNumber":142},{"declaringClass":"io.restassured.internal.ValidatableResponseImpl","methodName":"statusCode","fileName":"ValidatableResponseImpl.groovy","lineNumber":-1},{"declaringClass":"Stepdef.POSTUNsuccessfull","methodName":"statusCodeShouldBeBadRequest","fileName":"POSTUNsuccessfull.java","lineNumber":34},{"declaringClass":"✽","methodName":"Status code should be 400 Bad Request","fileName":"classpath:features/Reqres/PUT.feature","lineNumber":20}]},"result":"FAILURE","precondition":false,"level":0,"lineNumber":23,"children":[{"number":2,"description":"Given Put update user with invalid id 1 and json","duration":5,"startTime":"2023-07-10T09:57:52.125031700+07:00[Asia/Jakarta]","result":"SUCCESS","precondition":false,"level":1,"children":[{"number":3,"description":"Put update user","duration":0,"startTime":"2023-07-10T09:57:52.128266200+07:00[Asia/Jakarta]","result":"SUCCESS","precondition":false,"level":2}]},{"number":4,"description":"When Send request user with invalid id and json","duration":460,"startTime":"2023-07-10T09:57:52.131266100+07:00[Asia/Jakarta]","result":"SUCCESS","precondition":false,"level":1,"children":[{"number":5,"description":"PUT https://reqres.in/api/users/1\r","duration":0,"startTime":"2023-07-10T09:57:52.589438500+07:00[Asia/Jakarta]","result":"SUCCESS","restQuery":{"method":"PUT","path":"https://reqres.in/api/users/1\r","content":"D:\\ALTA-Serenity-Rest-QE11-Khairul-Fahmi\\src\\test\\resources\\JSON\\ReqBody\\PUTUpdateinvalidUser.json\r","contentType":"application/json","requestHeaders":"Accept\u003d*/*\r\n\t\t\t\tContent-Type\u003dapplication/json; charset\u003dUTF-8\r","requestCookies":"\r","responseHeaders":"Date: Mon, 10 Jul 2023 02:57:53 GMT\r\nContent-Type: application/json; charset\u003dutf-8\r\nTransfer-Encoding: chunked\r\nConnection: keep-alive\r\nX-Powered-By: Express\r\nAccess-Control-Allow-Origin: *\r\nEtag: W/\"48-3QZ4yqZgUffYrWHMLH2HfgNSokw\"\r\nVia: 1.1 vegur\r\nCF-Cache-Status: DYNAMIC\r\nReport-To: {\"endpoints\":[{\"url\":\"https:\\/\\/a.nel.cloudflare.com\\/report\\/v3?s\u003d2sE6034ZodJcKLK3yOpQzdNcM7agVPkbjQQn6o%2FbMTeZ%2B7LCZtzpOyzgKc5U0hhmeYyKV77wyHSchib7Jo%2BArk5S4vv0jXNx0U5Eef3FcLAx%2BdOB3rCjCrqEQg%3D%3D\"}],\"group\":\"cf-nel\",\"max_age\":604800}\r\nNEL: {\"success_fraction\":0,\"report_to\":\"cf-nel\",\"max_age\":604800}\r\nVary: Accept-Encoding\r\nServer: cloudflare\r\nCF-RAY: 7e458ab129a78841-SIN\r\nContent-Encoding: gzip\r","responseCookies":"\r","responseBody":"{\n    \"name\": \"\",\n    \"job\": \"zion resident\",\n    \"updatedAt\": \"2023-07-10T02:57:53.080Z\"\n}","statusCode":200},"precondition":false,"level":2}]},{"number":6,"description":"Then Status code should be 400 Bad Request","duration":48,"startTime":"2023-07-10T09:57:52.593234+07:00[Asia/Jakarta]","exception":{"errorType":"java.lang.AssertionError","message":"1 expectation failed.\nExpected status code \u003c400\u003e but was \u003c200\u003e.\n","stackTrace":[{"declaringClass":"io.restassured.internal.ResponseSpecificationImpl","methodName":"validateResponseIfRequired","fileName":"ResponseSpecificationImpl.groovy","lineNumber":674},{"declaringClass":"io.restassured.internal.ResponseSpecificationImpl","methodName":"statusCode","fileName":"ResponseSpecificationImpl.groovy","lineNumber":126},{"declaringClass":"io.restassured.internal.ResponseSpecificationImpl","methodName":"statusCode","fileName":"ResponseSpecificationImpl.groovy","lineNumber":134},{"declaringClass":"io.restassured.internal.ValidatableResponseOptionsImpl","methodName":"statusCode","fileName":"ValidatableResponseOptionsImpl.java","lineNumber":89},{"declaringClass":"io.restassured.internal.ValidatableResponseImpl","methodName":"super$2$statusCode","fileName":"ValidatableResponseImpl.groovy","lineNumber":-1},{"declaringClass":"groovy.lang.MetaMethod","methodName":"doMethodInvoke","fileName":"MetaMethod.java","lineNumber":323},{"declaringClass":"groovy.lang.MetaClassImpl","methodName":"invokeMethod","fileName":"MetaClassImpl.java","lineNumber":1267},{"declaringClass":"io.restassured.internal.ValidatableResponseImpl","methodName":"statusCode","fileName":"ValidatableResponseImpl.groovy","lineNumber":142},{"declaringClass":"io.restassured.internal.ValidatableResponseImpl","methodName":"statusCode","fileName":"ValidatableResponseImpl.groovy","lineNumber":-1},{"declaringClass":"Stepdef.POSTUNsuccessfull","methodName":"statusCodeShouldBeBadRequest","fileName":"POSTUNsuccessfull.java","lineNumber":34},{"declaringClass":"✽","methodName":"Status code should be 400 Bad Request","fileName":"classpath:features/Reqres/PUT.feature","lineNumber":20}]},"result":"FAILURE","precondition":false,"level":1}]},{"number":7,"description":"2: Put update user with invalid name in JSON ({id\u003d2})","duration":628,"startTime":"2023-07-10T09:57:52.791218300+07:00[Asia/Jakarta]","exception":{"errorType":"java.lang.AssertionError","message":"1 expectation failed.\nExpected status code \u003c400\u003e but was \u003c200\u003e.\n","stackTrace":[{"declaringClass":"io.restassured.internal.ResponseSpecificationImpl","methodName":"validateResponseIfRequired","fileName":"ResponseSpecificationImpl.groovy","lineNumber":674},{"declaringClass":"io.restassured.internal.ResponseSpecificationImpl","methodName":"statusCode","fileName":"ResponseSpecificationImpl.groovy","lineNumber":126},{"declaringClass":"io.restassured.internal.ResponseSpecificationImpl","methodName":"statusCode","fileName":"ResponseSpecificationImpl.groovy","lineNumber":134},{"declaringClass":"io.restassured.internal.ValidatableResponseOptionsImpl","methodName":"statusCode","fileName":"ValidatableResponseOptionsImpl.java","lineNumber":89},{"declaringClass":"io.restassured.internal.ValidatableResponseImpl","methodName":"super$2$statusCode","fileName":"ValidatableResponseImpl.groovy","lineNumber":-1},{"declaringClass":"groovy.lang.MetaMethod","methodName":"doMethodInvoke","fileName":"MetaMethod.java","lineNumber":323},{"declaringClass":"groovy.lang.MetaClassImpl","methodName":"invokeMethod","fileName":"MetaClassImpl.java","lineNumber":1267},{"declaringClass":"io.restassured.internal.ValidatableResponseImpl","methodName":"statusCode","fileName":"ValidatableResponseImpl.groovy","lineNumber":142},{"declaringClass":"io.restassured.internal.ValidatableResponseImpl","methodName":"statusCode","fileName":"ValidatableResponseImpl.groovy","lineNumber":-1},{"declaringClass":"Stepdef.POSTUNsuccessfull","methodName":"statusCodeShouldBeBadRequest","fileName":"POSTUNsuccessfull.java","lineNumber":34},{"declaringClass":"✽","methodName":"Status code should be 400 Bad Request","fileName":"classpath:features/Reqres/PUT.feature","lineNumber":20}]},"result":"FAILURE","precondition":false,"level":0,"lineNumber":24,"children":[{"number":8,"description":"Given Put update user with invalid id 2 and json","duration":11,"startTime":"2023-07-10T09:57:52.793218500+07:00[Asia/Jakarta]","result":"SUCCESS","precondition":false,"level":1,"children":[{"number":9,"description":"Put update user","duration":3,"startTime":"2023-07-10T09:57:52.799171200+07:00[Asia/Jakarta]","result":"SUCCESS","precondition":false,"level":2}]},{"number":10,"description":"When Send request user with invalid id and json","duration":584,"startTime":"2023-07-10T09:57:52.806730200+07:00[Asia/Jakarta]","result":"SUCCESS","precondition":false,"level":1,"children":[{"number":11,"description":"PUT https://reqres.in/api/users/2\r","duration":0,"startTime":"2023-07-10T09:57:53.386874800+07:00[Asia/Jakarta]","result":"SUCCESS","restQuery":{"method":"PUT","path":"https://reqres.in/api/users/2\r","content":"D:\\ALTA-Serenity-Rest-QE11-Khairul-Fahmi\\src\\test\\resources\\JSON\\ReqBody\\PUTUpdateinvalidUser.json\r","contentType":"application/json","requestHeaders":"Accept\u003d*/*\r\n\t\t\t\tContent-Type\u003dapplication/json; charset\u003dUTF-8\r","requestCookies":"\r","responseHeaders":"Date: Mon, 10 Jul 2023 02:57:53 GMT\r\nContent-Type: application/json; charset\u003dutf-8\r\nTransfer-Encoding: chunked\r\nConnection: keep-alive\r\nX-Powered-By: Express\r\nAccess-Control-Allow-Origin: *\r\nEtag: W/\"48-kws/W8nGim178VbgZyvidAqzOP4\"\r\nVia: 1.1 vegur\r\nCF-Cache-Status: DYNAMIC\r\nReport-To: {\"endpoints\":[{\"url\":\"https:\\/\\/a.nel.cloudflare.com\\/report\\/v3?s\u003d5ZfmQsa2RjIcCsvj0xBMsWtDHU6u6mbST6%2Blmc8VwvOwAPJt%2Bo8zvtJULVL1Hu%2F5hSlvc%2B29WQ2S%2FjMjR2WRGuC7k7Gr6ONBB8uScIKc8w1pfe3l88r%2BK9QIIA%3D%3D\"}],\"group\":\"cf-nel\",\"max_age\":604800}\r\nNEL: {\"success_fraction\":0,\"report_to\":\"cf-nel\",\"max_age\":604800}\r\nVary: Accept-Encoding\r\nServer: cloudflare\r\nCF-RAY: 7e458ab5f9a53f87-SIN\r\nContent-Encoding: gzip\r","responseCookies":"\r","responseBody":"{\n    \"name\": \"\",\n    \"job\": \"zion resident\",\n    \"updatedAt\": \"2023-07-10T02:57:53.862Z\"\n}","statusCode":200},"precondition":false,"level":2}]},{"number":12,"description":"Then Status code should be 400 Bad Request","duration":22,"startTime":"2023-07-10T09:57:53.392845900+07:00[Asia/Jakarta]","exception":{"errorType":"java.lang.AssertionError","message":"1 expectation failed.\nExpected status code \u003c400\u003e but was \u003c200\u003e.\n","stackTrace":[{"declaringClass":"io.restassured.internal.ResponseSpecificationImpl","methodName":"validateResponseIfRequired","fileName":"ResponseSpecificationImpl.groovy","lineNumber":674},{"declaringClass":"io.restassured.internal.ResponseSpecificationImpl","methodName":"statusCode","fileName":"ResponseSpecificationImpl.groovy","lineNumber":126},{"declaringClass":"io.restassured.internal.ResponseSpecificationImpl","methodName":"statusCode","fileName":"ResponseSpecificationImpl.groovy","lineNumber":134},{"declaringClass":"io.restassured.internal.ValidatableResponseOptionsImpl","methodName":"statusCode","fileName":"ValidatableResponseOptionsImpl.java","lineNumber":89},{"declaringClass":"io.restassured.internal.ValidatableResponseImpl","methodName":"super$2$statusCode","fileName":"ValidatableResponseImpl.groovy","lineNumber":-1},{"declaringClass":"groovy.lang.MetaMethod","methodName":"doMethodInvoke","fileName":"MetaMethod.java","lineNumber":323},{"declaringClass":"groovy.lang.MetaClassImpl","methodName":"invokeMethod","fileName":"MetaClassImpl.java","lineNumber":1267},{"declaringClass":"io.restassured.internal.ValidatableResponseImpl","methodName":"statusCode","fileName":"ValidatableResponseImpl.groovy","lineNumber":142},{"declaringClass":"io.restassured.internal.ValidatableResponseImpl","methodName":"statusCode","fileName":"ValidatableResponseImpl.groovy","lineNumber":-1},{"declaringClass":"Stepdef.POSTUNsuccessfull","methodName":"statusCodeShouldBeBadRequest","fileName":"POSTUNsuccessfull.java","lineNumber":34},{"declaringClass":"✽","methodName":"Status code should be 400 Bad Request","fileName":"classpath:features/Reqres/PUT.feature","lineNumber":20}]},"result":"FAILURE","precondition":false,"level":1}]},{"number":13,"description":"3: Put update user with invalid name in JSON ({id\u003d3})","duration":548,"startTime":"2023-07-10T09:57:53.427963600+07:00[Asia/Jakarta]","exception":{"errorType":"java.lang.AssertionError","message":"1 expectation failed.\nExpected status code \u003c400\u003e but was \u003c200\u003e.\n","stackTrace":[{"declaringClass":"io.restassured.internal.ResponseSpecificationImpl","methodName":"validateResponseIfRequired","fileName":"ResponseSpecificationImpl.groovy","lineNumber":674},{"declaringClass":"io.restassured.internal.ResponseSpecificationImpl","methodName":"statusCode","fileName":"ResponseSpecificationImpl.groovy","lineNumber":126},{"declaringClass":"io.restassured.internal.ResponseSpecificationImpl","methodName":"statusCode","fileName":"ResponseSpecificationImpl.groovy","lineNumber":134},{"declaringClass":"io.restassured.internal.ValidatableResponseOptionsImpl","methodName":"statusCode","fileName":"ValidatableResponseOptionsImpl.java","lineNumber":89},{"declaringClass":"io.restassured.internal.ValidatableResponseImpl","methodName":"super$2$statusCode","fileName":"ValidatableResponseImpl.groovy","lineNumber":-1},{"declaringClass":"groovy.lang.MetaMethod","methodName":"doMethodInvoke","fileName":"MetaMethod.java","lineNumber":323},{"declaringClass":"groovy.lang.MetaClassImpl","methodName":"invokeMethod","fileName":"MetaClassImpl.java","lineNumber":1267},{"declaringClass":"io.restassured.internal.ValidatableResponseImpl","methodName":"statusCode","fileName":"ValidatableResponseImpl.groovy","lineNumber":142},{"declaringClass":"io.restassured.internal.ValidatableResponseImpl","methodName":"statusCode","fileName":"ValidatableResponseImpl.groovy","lineNumber":-1},{"declaringClass":"Stepdef.POSTUNsuccessfull","methodName":"statusCodeShouldBeBadRequest","fileName":"POSTUNsuccessfull.java","lineNumber":34},{"declaringClass":"✽","methodName":"Status code should be 400 Bad Request","fileName":"classpath:features/Reqres/PUT.feature","lineNumber":20}]},"result":"FAILURE","precondition":false,"level":0,"lineNumber":25,"children":[{"number":14,"description":"Given Put update user with invalid id 3 and json","duration":5,"startTime":"2023-07-10T09:57:53.428972600+07:00[Asia/Jakarta]","result":"SUCCESS","precondition":false,"level":1,"children":[{"number":15,"description":"Put update user","duration":0,"startTime":"2023-07-10T09:57:53.430979300+07:00[Asia/Jakarta]","result":"SUCCESS","precondition":false,"level":2}]},{"number":16,"description":"When Send request user with invalid id and json","duration":530,"startTime":"2023-07-10T09:57:53.434484300+07:00[Asia/Jakarta]","result":"SUCCESS","precondition":false,"level":1,"children":[{"number":17,"description":"PUT https://reqres.in/api/users/3\r","duration":0,"startTime":"2023-07-10T09:57:53.964399700+07:00[Asia/Jakarta]","result":"SUCCESS","restQuery":{"method":"PUT","path":"https://reqres.in/api/users/3\r","content":"D:\\ALTA-Serenity-Rest-QE11-Khairul-Fahmi\\src\\test\\resources\\JSON\\ReqBody\\PUTUpdateinvalidUser.json\r","contentType":"application/json","requestHeaders":"Accept\u003d*/*\r\n\t\t\t\tContent-Type\u003dapplication/json; charset\u003dUTF-8\r","requestCookies":"\r","responseHeaders":"Date: Mon, 10 Jul 2023 02:57:54 GMT\r\nContent-Type: application/json; charset\u003dutf-8\r\nTransfer-Encoding: chunked\r\nConnection: keep-alive\r\nX-Powered-By: Express\r\nAccess-Control-Allow-Origin: *\r\nEtag: W/\"48-mwYldXFYpTpK0dJFaA01HRemjTI\"\r\nVia: 1.1 vegur\r\nCF-Cache-Status: DYNAMIC\r\nReport-To: {\"endpoints\":[{\"url\":\"https:\\/\\/a.nel.cloudflare.com\\/report\\/v3?s\u003dU%2B1aQwGXUOdPS3g1ID3aBEwXLp8MCpIE9mAExxjsvN3NHYHg9306V%2FpByv7q0PZ7KEAz1MkBUPeCHXtEPMNULOy2wbO2JDFfBM21Mb%2FxL5z%2FaYql68mu3xPAdg%3D%3D\"}],\"group\":\"cf-nel\",\"max_age\":604800}\r\nNEL: {\"success_fraction\":0,\"report_to\":\"cf-nel\",\"max_age\":604800}\r\nVary: Accept-Encoding\r\nServer: cloudflare\r\nCF-RAY: 7e458ab95cc03dcb-SIN\r\nContent-Encoding: gzip\r","responseCookies":"\r","responseBody":"{\n    \"name\": \"\",\n    \"job\": \"zion resident\",\n    \"updatedAt\": \"2023-07-10T02:57:54.398Z\"\n}","statusCode":200},"precondition":false,"level":2}]},{"number":18,"description":"Then Status code should be 400 Bad Request","duration":7,"startTime":"2023-07-10T09:57:53.965407500+07:00[Asia/Jakarta]","exception":{"errorType":"java.lang.AssertionError","message":"1 expectation failed.\nExpected status code \u003c400\u003e but was \u003c200\u003e.\n","stackTrace":[{"declaringClass":"io.restassured.internal.ResponseSpecificationImpl","methodName":"validateResponseIfRequired","fileName":"ResponseSpecificationImpl.groovy","lineNumber":674},{"declaringClass":"io.restassured.internal.ResponseSpecificationImpl","methodName":"statusCode","fileName":"ResponseSpecificationImpl.groovy","lineNumber":126},{"declaringClass":"io.restassured.internal.ResponseSpecificationImpl","methodName":"statusCode","fileName":"ResponseSpecificationImpl.groovy","lineNumber":134},{"declaringClass":"io.restassured.internal.ValidatableResponseOptionsImpl","methodName":"statusCode","fileName":"ValidatableResponseOptionsImpl.java","lineNumber":89},{"declaringClass":"io.restassured.internal.ValidatableResponseImpl","methodName":"super$2$statusCode","fileName":"ValidatableResponseImpl.groovy","lineNumber":-1},{"declaringClass":"groovy.lang.MetaMethod","methodName":"doMethodInvoke","fileName":"MetaMethod.java","lineNumber":323},{"declaringClass":"groovy.lang.MetaClassImpl","methodName":"invokeMethod","fileName":"MetaClassImpl.java","lineNumber":1267},{"declaringClass":"io.restassured.internal.ValidatableResponseImpl","methodName":"statusCode","fileName":"ValidatableResponseImpl.groovy","lineNumber":142},{"declaringClass":"io.restassured.internal.ValidatableResponseImpl","methodName":"statusCode","fileName":"ValidatableResponseImpl.groovy","lineNumber":-1},{"declaringClass":"Stepdef.POSTUNsuccessfull","methodName":"statusCodeShouldBeBadRequest","fileName":"POSTUNsuccessfull.java","lineNumber":34},{"declaringClass":"✽","methodName":"Status code should be 400 Bad Request","fileName":"classpath:features/Reqres/PUT.feature","lineNumber":20}]},"result":"FAILURE","precondition":false,"level":1}]}],"userStory":{"id":"put-in-reqres","storyName":"PUT in reqres","path":"classpath:features/Reqres/PUT.feature","type":"feature"},"featureTag":{"name":"Reqres/PUT in reqres","type":"feature","displayName":"Reqres/PUT in reqres"},"title":"Put update user with invalid name in JSON","description":"","tags":[{"name":"Reqres","type":"capability","displayName":"Reqres"},{"name":"Reqres/PUT in reqres","type":"feature","displayName":"PUT in reqres"},{"name":"Tugas","type":"tag","displayName":"Tugas"}],"startTime":"2023-07-10T09:57:52.117522500+07:00[Asia/Jakarta]","duration":1859,"testFailureCause":{"errorType":"java.lang.AssertionError","message":"1 expectation failed.\nExpected status code \u003c400\u003e but was \u003c200\u003e.\n","stackTrace":[{"declaringClass":"io.restassured.internal.ResponseSpecificationImpl","methodName":"validateResponseIfRequired","fileName":"ResponseSpecificationImpl.groovy","lineNumber":674},{"declaringClass":"io.restassured.internal.ResponseSpecificationImpl","methodName":"statusCode","fileName":"ResponseSpecificationImpl.groovy","lineNumber":126},{"declaringClass":"io.restassured.internal.ResponseSpecificationImpl","methodName":"statusCode","fileName":"ResponseSpecificationImpl.groovy","lineNumber":134},{"declaringClass":"io.restassured.internal.ValidatableResponseOptionsImpl","methodName":"statusCode","fileName":"ValidatableResponseOptionsImpl.java","lineNumber":89},{"declaringClass":"io.restassured.internal.ValidatableResponseImpl","methodName":"super$2$statusCode","fileName":"ValidatableResponseImpl.groovy","lineNumber":-1},{"declaringClass":"groovy.lang.MetaMethod","methodName":"doMethodInvoke","fileName":"MetaMethod.java","lineNumber":323},{"declaringClass":"groovy.lang.MetaClassImpl","methodName":"invokeMethod","fileName":"MetaClassImpl.java","lineNumber":1267},{"declaringClass":"io.restassured.internal.ValidatableResponseImpl","methodName":"statusCode","fileName":"ValidatableResponseImpl.groovy","lineNumber":142},{"declaringClass":"io.restassured.internal.ValidatableResponseImpl","methodName":"statusCode","fileName":"ValidatableResponseImpl.groovy","lineNumber":-1},{"declaringClass":"Stepdef.POSTUNsuccessfull","methodName":"statusCodeShouldBeBadRequest","fileName":"POSTUNsuccessfull.java","lineNumber":34},{"declaringClass":"✽","methodName":"Status code should be 400 Bad Request","fileName":"classpath:features/Reqres/PUT.feature","lineNumber":20}]},"testFailureClassname":"java.lang.AssertionError","testFailureMessage":"1 expectation failed.\nExpected status code \u003c400\u003e but was \u003c200\u003e.\n","testFailureSummary":"FAILURE;java.lang.AssertionError;1 expectation failed.\nExpected status code \u003c400\u003e but was \u003c200\u003e.\n;ResponseSpecificationImpl.groovy","projectKey":"","isManualTestingUpToDate":false,"dataTable":{"headers":["id"],"rows":[{"values":["1"],"lineNumber":23,"result":"FAILURE"},{"values":["2"],"lineNumber":24,"result":"FAILURE"},{"values":["3"],"lineNumber":25,"result":"FAILURE"}],"predefinedRows":true,"scenarioOutline":"Given Put update user with invalid id \u003cid\u003e and json\n\rWhen Send request user with invalid id and json\n\rThen Status code should be 400 Bad Request\n\r","dataSetDescriptors":[{"startRow":0,"rowCount":0,"name":"","description":""}]},"manual":false,"testSource":"Cucumber","result":"FAILURE","scenarioOutline":"Given Put update user with invalid id \u003cid\u003e and json\r\nWhen Send request user with invalid id and json\r\nThen Status code should be 400 Bad Request"}