{"name":"Post register with empty email and empty password","id":"testing-post-in-reqres-web;post-register-with-empty-email-and-empty-password","testSteps":[{"number":1,"description":"Given Post register with empty email and empty password in json","duration":11,"startTime":"2023-07-10T09:57:49.275195900+07:00[Asia/Jakarta]","result":"SUCCESS","precondition":false,"level":0,"children":[{"number":2,"description":"Post register with empty email and password","duration":7,"startTime":"2023-07-10T09:57:49.278223+07:00[Asia/Jakarta]","result":"SUCCESS","precondition":false,"level":1}]},{"number":3,"description":"When Send request post register succesfull","duration":462,"startTime":"2023-07-10T09:57:49.287556600+07:00[Asia/Jakarta]","result":"SUCCESS","precondition":false,"level":0,"children":[{"number":4,"description":"POST https://reqres.in/api/register\r","duration":1,"startTime":"2023-07-10T09:57:49.747753100+07:00[Asia/Jakarta]","result":"SUCCESS","restQuery":{"method":"POST","path":"https://reqres.in/api/register\r","content":"D:\\ALTA-Serenity-Rest-QE11-Khairul-Fahmi\\src\\test\\resources\\JSON\\ReqBody\\RegisterwithEmptyemailandpassword.json\r","contentType":"application/json","requestHeaders":"Accept\u003d*/*\r\n\t\t\t\tContent-Type\u003dapplication/json; charset\u003dUTF-8\r","requestCookies":"\r","responseHeaders":"Date: Mon, 10 Jul 2023 02:57:50 GMT\r\nContent-Type: application/json; charset\u003dutf-8\r\nContent-Length: 37\r\nConnection: keep-alive\r\nX-Powered-By: Express\r\nAccess-Control-Allow-Origin: *\r\nEtag: W/\"25-Ik70kof1lbc973ShN5FoVPxYn7A\"\r\nVia: 1.1 vegur\r\nCF-Cache-Status: DYNAMIC\r\nReport-To: {\"endpoints\":[{\"url\":\"https:\\/\\/a.nel.cloudflare.com\\/report\\/v3?s\u003dSPb6BtpqyjqJtfpg78mY1AiblZZgeD3943DXJ%2BjtJkKLYFAkO4kBaVnWvW79kenagwqOUl51sedIsYE7chdtrDDFcWRq%2BlkntJaz2vSu1SJ9ZyUgA%2FrwWrQXYg%3D%3D\"}],\"group\":\"cf-nel\",\"max_age\":604800}\r\nNEL: {\"success_fraction\":0,\"report_to\":\"cf-nel\",\"max_age\":604800}\r\nServer: cloudflare\r\nCF-RAY: 7e458a9f5a42a3e6-SIN\r","responseCookies":"\r","responseBody":"{\n    \"error\": \"Missing email or username\"\n}","statusCode":400},"precondition":false,"level":1}]},{"number":5,"description":"Then Status code should be 400 Bad Request","duration":7,"startTime":"2023-07-10T09:57:49.750860200+07:00[Asia/Jakarta]","result":"SUCCESS","precondition":false,"level":0},{"number":6,"description":"And Responses body is \"Missing email or username\"","duration":14,"startTime":"2023-07-10T09:57:49.760431800+07:00[Asia/Jakarta]","result":"SUCCESS","precondition":false,"level":0},{"number":7,"description":"And Validate post register unsuccessfull JSON schemas","duration":6,"startTime":"2023-07-10T09:57:49.774451100+07:00[Asia/Jakarta]","result":"SUCCESS","precondition":false,"level":0}],"userStory":{"id":"testing-post-in-reqres-web","storyName":"testing POST in reqres web","path":"classpath:features/Reqres/POST.feature","type":"feature"},"featureTag":{"name":"Reqres/testing POST in reqres web","type":"feature","displayName":"Reqres/testing POST in reqres web"},"title":"Post register with empty email and empty password","description":"","tags":[{"name":"Reqres","type":"capability","displayName":"Reqres"},{"name":"Tugas","type":"tag","displayName":"Tugas"},{"name":"Reqres/testing POST in reqres web","type":"feature","displayName":"testing POST in reqres web"}],"startTime":"2023-07-10T09:57:49.271567+07:00[Asia/Jakarta]","duration":509,"projectKey":"","isManualTestingUpToDate":false,"manual":false,"testSource":"Cucumber","result":"SUCCESS"}