{"name":"Get List Users with valid parameter page","id":"api-automed-tugas-qa-batch-11;get-list-users-with-valid-parameter-page","testSteps":[{"number":1,"description":"1: Get List Users with valid parameter page ({page\u003d1})","duration":260,"startTime":"2023-07-10T09:57:41.517192300+07:00[Asia/Jakarta]","result":"SUCCESS","precondition":false,"level":0,"lineNumber":56,"children":[{"number":2,"description":"Given Get list user with valid parameter page 1","duration":10,"startTime":"2023-07-10T09:57:41.519197400+07:00[Asia/Jakarta]","result":"SUCCESS","precondition":false,"level":1,"children":[{"number":3,"description":"Get list users","duration":1,"startTime":"2023-07-10T09:57:41.527255200+07:00[Asia/Jakarta]","result":"SUCCESS","precondition":false,"level":2}]},{"number":4,"description":"When Send request get list users","duration":154,"startTime":"2023-07-10T09:57:41.530507800+07:00[Asia/Jakarta]","result":"SUCCESS","precondition":false,"level":1,"children":[{"number":5,"description":"GET https://reqres.in/api/users?page\u003d1\r","duration":0,"startTime":"2023-07-10T09:57:41.682389500+07:00[Asia/Jakarta]","result":"SUCCESS","restQuery":{"method":"GET","path":"https://reqres.in/api/users?page\u003d1\r","content":"\r","contentType":"null","requestHeaders":"Accept\u003d*/*\r","requestCookies":"\r","responseHeaders":"Date: Mon, 10 Jul 2023 02:57:42 GMT\r\nContent-Type: application/json; charset\u003dutf-8\r\nTransfer-Encoding: chunked\r\nConnection: keep-alive\r\nX-Powered-By: Express\r\nAccess-Control-Allow-Origin: *\r\nEtag: W/\"3e4-2RLXvr5wTg9YQ6aH95CkYoFNuO8\"\r\nVia: 1.1 vegur\r\nCache-Control: max-age\u003d14400\r\nCF-Cache-Status: HIT\r\nAge: 3698\r\nReport-To: {\"endpoints\":[{\"url\":\"https:\\/\\/a.nel.cloudflare.com\\/report\\/v3?s\u003dbZFLtOEwr0vkVnOdgoqXUMU6CL87kz35utFVu0k1C7yhdactih%2FkI7DATnuoalcFeNfz9QC8MTnvEmbFHTMKWHPhtjBXmoFebJd461CennJPU1zZrA8MSnQbsA%3D%3D\"}],\"group\":\"cf-nel\",\"max_age\":604800}\r\nNEL: {\"success_fraction\":0,\"report_to\":\"cf-nel\",\"max_age\":604800}\r\nVary: Accept-Encoding\r\nServer: cloudflare\r\nCF-RAY: 7e458a6f0c833f57-SIN\r\nContent-Encoding: gzip\r","responseCookies":"\r","responseBody":"{\n    \"page\": 1,\n    \"per_page\": 6,\n    \"total\": 12,\n    \"total_pages\": 2,\n    \"data\": [\n        {\n            \"id\": 1,\n            \"email\": \"george.bluth@reqres.in\",\n            \"first_name\": \"George\",\n            \"last_name\": \"Bluth\",\n            \"avatar\": \"https://reqres.in/img/faces/1-image.jpg\"\n        },\n        {\n            \"id\": 2,\n            \"email\": \"janet.weaver@reqres.in\",\n            \"first_name\": \"Janet\",\n            \"last_name\": \"Weaver\",\n            \"avatar\": \"https://reqres.in/img/faces/2-image.jpg\"\n        },\n        {\n            \"id\": 3,\n            \"email\": \"emma.wong@reqres.in\",\n            \"first_name\": \"Emma\",\n            \"last_name\": \"Wong\",\n            \"avatar\": \"https://reqres.in/img/faces/3-image.jpg\"\n        },\n        {\n            \"id\": 4,\n            \"email\": \"eve.holt@reqres.in\",\n            \"first_name\": \"Eve\",\n            \"last_name\": \"Holt\",\n            \"avatar\": \"https://reqres.in/img/faces/4-image.jpg\"\n        },\n        {\n            \"id\": 5,\n            \"email\": \"charles.morris@reqres.in\",\n            \"first_name\": \"Charles\",\n            \"last_name\": \"Morris\",\n            \"avatar\": \"https://reqres.in/img/faces/5-image.jpg\"\n        },\n        {\n            \"id\": 6,\n            \"email\": \"tracey.ramos@reqres.in\",\n            \"first_name\": \"Tracey\",\n            \"last_name\": \"Ramos\",\n            \"avatar\": \"https://reqres.in/img/faces/6-image.jpg\"\n        }\n    ],\n    \"support\": {\n        \"url\": \"https://reqres.in/#support-heading\",\n        \"text\": \"To keep ReqRes free, contributions towards server costs are appreciated!\"\n    }\n}","statusCode":200},"precondition":false,"level":2}]},{"number":6,"description":"Then Status code should be 200 OK","duration":2,"startTime":"2023-07-10T09:57:41.686930900+07:00[Asia/Jakarta]","result":"SUCCESS","precondition":false,"level":1},{"number":7,"description":"And Response body page value should be 1","duration":14,"startTime":"2023-07-10T09:57:41.691493500+07:00[Asia/Jakarta]","result":"SUCCESS","precondition":false,"level":1},{"number":8,"description":"And Validate get list user JSON schema","duration":35,"startTime":"2023-07-10T09:57:41.707196+07:00[Asia/Jakarta]","result":"SUCCESS","precondition":false,"level":1},{"number":9,"description":"And Print if status code 200 ok","duration":7,"startTime":"2023-07-10T09:57:41.745637900+07:00[Asia/Jakarta]","result":"SUCCESS","precondition":false,"level":1},{"number":10,"description":"And Get log all","duration":5,"startTime":"2023-07-10T09:57:41.757217300+07:00[Asia/Jakarta]","result":"SUCCESS","precondition":false,"level":1},{"number":11,"description":"And Get log body","duration":9,"startTime":"2023-07-10T09:57:41.763751200+07:00[Asia/Jakarta]","result":"SUCCESS","precondition":false,"level":1}]},{"number":12,"description":"2: Get List Users with valid parameter page ({page\u003d2})","duration":308,"startTime":"2023-07-10T09:57:41.818233+07:00[Asia/Jakarta]","result":"SUCCESS","precondition":false,"level":0,"lineNumber":57,"children":[{"number":13,"description":"Given Get list user with valid parameter page 2","duration":26,"startTime":"2023-07-10T09:57:41.821754900+07:00[Asia/Jakarta]","result":"SUCCESS","precondition":false,"level":1,"children":[{"number":14,"description":"Get list users","duration":4,"startTime":"2023-07-10T09:57:41.833789500+07:00[Asia/Jakarta]","result":"SUCCESS","precondition":false,"level":2}]},{"number":15,"description":"When Send request get list users","duration":141,"startTime":"2023-07-10T09:57:41.856864400+07:00[Asia/Jakarta]","result":"SUCCESS","precondition":false,"level":1,"children":[{"number":16,"description":"GET https://reqres.in/api/users?page\u003d2\r","duration":0,"startTime":"2023-07-10T09:57:41.996857300+07:00[Asia/Jakarta]","result":"SUCCESS","restQuery":{"method":"GET","path":"https://reqres.in/api/users?page\u003d2\r","content":"\r","contentType":"null","requestHeaders":"Accept\u003d*/*\r","requestCookies":"\r","responseHeaders":"Date: Mon, 10 Jul 2023 02:57:42 GMT\r\nContent-Type: application/json; charset\u003dutf-8\r\nTransfer-Encoding: chunked\r\nConnection: keep-alive\r\nX-Powered-By: Express\r\nAccess-Control-Allow-Origin: *\r\nEtag: W/\"406-ut0vzoCuidvyMf8arZpMpJ6ZRDw\"\r\nVia: 1.1 vegur\r\nCache-Control: max-age\u003d14400\r\nCF-Cache-Status: HIT\r\nAge: 3944\r\nReport-To: {\"endpoints\":[{\"url\":\"https:\\/\\/a.nel.cloudflare.com\\/report\\/v3?s\u003dt0hNQ8OQZE3WuHwBXvqUSGoV6zP2dd11A54BiUx1gx1R7Km8XtMoPpyJqwgBOT%2F9%2F1Q8HxdNk4MOlpMAoHxJWPW3JNzYAlUaCmpnLCgqXabXEJduiFSQw3oVvg%3D%3D\"}],\"group\":\"cf-nel\",\"max_age\":604800}\r\nNEL: {\"success_fraction\":0,\"report_to\":\"cf-nel\",\"max_age\":604800}\r\nVary: Accept-Encoding\r\nServer: cloudflare\r\nCF-RAY: 7e458a710c4e4dce-SIN\r\nContent-Encoding: gzip\r","responseCookies":"\r","responseBody":"{\n    \"page\": 2,\n    \"per_page\": 6,\n    \"total\": 12,\n    \"total_pages\": 2,\n    \"data\": [\n        {\n            \"id\": 7,\n            \"email\": \"michael.lawson@reqres.in\",\n            \"first_name\": \"Michael\",\n            \"last_name\": \"Lawson\",\n            \"avatar\": \"https://reqres.in/img/faces/7-image.jpg\"\n        },\n        {\n            \"id\": 8,\n            \"email\": \"lindsay.ferguson@reqres.in\",\n            \"first_name\": \"Lindsay\",\n            \"last_name\": \"Ferguson\",\n            \"avatar\": \"https://reqres.in/img/faces/8-image.jpg\"\n        },\n        {\n            \"id\": 9,\n            \"email\": \"tobias.funke@reqres.in\",\n            \"first_name\": \"Tobias\",\n            \"last_name\": \"Funke\",\n            \"avatar\": \"https://reqres.in/img/faces/9-image.jpg\"\n        },\n        {\n            \"id\": 10,\n            \"email\": \"byron.fields@reqres.in\",\n            \"first_name\": \"Byron\",\n            \"last_name\": \"Fields\",\n            \"avatar\": \"https://reqres.in/img/faces/10-image.jpg\"\n        },\n        {\n            \"id\": 11,\n            \"email\": \"george.edwards@reqres.in\",\n            \"first_name\": \"George\",\n            \"last_name\": \"Edwards\",\n            \"avatar\": \"https://reqres.in/img/faces/11-image.jpg\"\n        },\n        {\n            \"id\": 12,\n            \"email\": \"rachel.howell@reqres.in\",\n            \"first_name\": \"Rachel\",\n            \"last_name\": \"Howell\",\n            \"avatar\": \"https://reqres.in/img/faces/12-image.jpg\"\n        }\n    ],\n    \"support\": {\n        \"url\": \"https://reqres.in/#support-heading\",\n        \"text\": \"To keep ReqRes free, contributions towards server costs are appreciated!\"\n    }\n}","statusCode":200},"precondition":false,"level":2}]},{"number":17,"description":"Then Status code should be 200 OK","duration":2,"startTime":"2023-07-10T09:57:41.999857600+07:00[Asia/Jakarta]","result":"SUCCESS","precondition":false,"level":1},{"number":18,"description":"And Response body page value should be 2","duration":33,"startTime":"2023-07-10T09:57:42.002858600+07:00[Asia/Jakarta]","result":"SUCCESS","precondition":false,"level":1},{"number":19,"description":"And Validate get list user JSON schema","duration":49,"startTime":"2023-07-10T09:57:42.037529300+07:00[Asia/Jakarta]","result":"SUCCESS","precondition":false,"level":1},{"number":20,"description":"And Print if status code 200 ok","duration":9,"startTime":"2023-07-10T09:57:42.096842800+07:00[Asia/Jakarta]","result":"SUCCESS","precondition":false,"level":1},{"number":21,"description":"And Get log all","duration":4,"startTime":"2023-07-10T09:57:42.111820700+07:00[Asia/Jakarta]","result":"SUCCESS","precondition":false,"level":1},{"number":22,"description":"And Get log body","duration":7,"startTime":"2023-07-10T09:57:42.117344700+07:00[Asia/Jakarta]","result":"SUCCESS","precondition":false,"level":1}]}],"userStory":{"id":"api-automed-tugas-qa-batch-11","storyName":"API AUTOMED TUGAS QA BATCH 11","path":"classpath:features/Reqres/GET.feature","type":"feature"},"featureTag":{"name":"Reqres/API AUTOMED TUGAS QA BATCH 11","type":"feature","displayName":"Reqres/API AUTOMED TUGAS QA BATCH 11"},"title":"Get List Users with valid parameter page","description":"","tags":[{"name":"Reqres","type":"capability","displayName":"Reqres"},{"name":"Tugas","type":"tag","displayName":"Tugas"},{"name":"Reqres/API AUTOMED TUGAS QA BATCH 11","type":"feature","displayName":"API AUTOMED TUGAS QA BATCH 11"}],"startTime":"2023-07-10T09:57:41.509664400+07:00[Asia/Jakarta]","duration":622,"projectKey":"","isManualTestingUpToDate":false,"dataTable":{"headers":["page"],"rows":[{"values":["1"],"lineNumber":56,"result":"SUCCESS"},{"values":["2"],"lineNumber":57,"result":"SUCCESS"}],"predefinedRows":true,"scenarioOutline":"Given Get list user with valid parameter page \u003cpage\u003e\n\rWhen Send request get list users\n\rThen Status code should be 200 OK\n\rAnd Response body page value should be \u003cpage\u003e\n\rAnd Validate get list user JSON schema\n\rAnd Print if status code 200 ok\n\rAnd Get log all\n\rAnd Get log body\n\r","dataSetDescriptors":[{"startRow":0,"rowCount":0,"name":"","description":""}]},"manual":false,"testSource":"Cucumber","result":"SUCCESS","scenarioOutline":"Given Get list user with valid parameter page \u003cpage\u003e\r\nWhen Send request get list users\r\nThen Status code should be 200 OK\r\nAnd Response body page value should be \u003cpage\u003e\r\nAnd Validate get list user JSON schema\r\nAnd Print if status code 200 ok\r\nAnd Get log all\r\nAnd Get log body"}