{"name":"Post register succesfull","id":"testing-post-in-reqres-web;post-register-succesfull","testSteps":[{"number":1,"description":"Given Post create register with valid json","duration":27,"startTime":"2023-07-10T09:57:48.551847300+07:00[Asia/Jakarta]","result":"SUCCESS","precondition":false,"level":0,"children":[{"number":2,"description":"Post register successful","duration":10,"startTime":"2023-07-10T09:57:48.566121300+07:00[Asia/Jakarta]","result":"SUCCESS","precondition":false,"level":1}]},{"number":3,"description":"When Send request post register succesfull","duration":625,"startTime":"2023-07-10T09:57:48.588184700+07:00[Asia/Jakarta]","result":"SUCCESS","precondition":false,"level":0,"children":[{"number":4,"description":"POST https://reqres.in/api/register\r","duration":0,"startTime":"2023-07-10T09:57:49.211686100+07:00[Asia/Jakarta]","result":"SUCCESS","restQuery":{"method":"POST","path":"https://reqres.in/api/register\r","content":"D:\\ALTA-Serenity-Rest-QE11-Khairul-Fahmi\\src\\test\\resources\\JSON\\ReqBody\\RegisterSuccessfull.json\r","contentType":"application/json","requestHeaders":"Accept\u003d*/*\r\n\t\t\t\tContent-Type\u003dapplication/json; charset\u003dUTF-8\r","requestCookies":"\r","responseHeaders":"Date: Mon, 10 Jul 2023 02:57:49 GMT\r\nContent-Type: application/json; charset\u003dutf-8\r\nContent-Length: 36\r\nConnection: keep-alive\r\nX-Powered-By: Express\r\nAccess-Control-Allow-Origin: *\r\nEtag: W/\"24-4iP0za1geN2he+ohu8F0FhCjLks\"\r\nVia: 1.1 vegur\r\nCF-Cache-Status: DYNAMIC\r\nReport-To: {\"endpoints\":[{\"url\":\"https:\\/\\/a.nel.cloudflare.com\\/report\\/v3?s\u003dkT8%2BcOKd8vwjM8Xm4oUeIIVDDrqlryWrtHmyOrn8%2BZblublB0nem1q1WRqKkRY7Xt7mmPbXEvDBSFJO2j8WsHX4XJIPCqyw8%2BgZgpA0d95xKUeb0Rn73Kp%2FziA%3D%3D\"}],\"group\":\"cf-nel\",\"max_age\":604800}\r\nNEL: {\"success_fraction\":0,\"report_to\":\"cf-nel\",\"max_age\":604800}\r\nServer: cloudflare\r\nCF-RAY: 7e458a9bbe779f8f-SIN\r","responseCookies":"\r","responseBody":"{\n    \"id\": 4,\n    \"token\": \"QpwL5tke4Pnpja7X4\"\n}","statusCode":200},"precondition":false,"level":1}]},{"number":5,"description":"Then Status code should be 200 created","duration":8,"startTime":"2023-07-10T09:57:49.214387500+07:00[Asia/Jakarta]","result":"SUCCESS","precondition":false,"level":0},{"number":6,"description":"And Response body was 4 and QpwL5tke4Pnpja7X4","duration":26,"startTime":"2023-07-10T09:57:49.222412+07:00[Asia/Jakarta]","result":"SUCCESS","precondition":false,"level":0},{"number":7,"description":"And Validate post register successfull JSON schema","duration":8,"startTime":"2023-07-10T09:57:49.250255600+07:00[Asia/Jakarta]","result":"SUCCESS","precondition":false,"level":0}],"userStory":{"id":"testing-post-in-reqres-web","storyName":"testing POST in reqres web","path":"classpath:features/Reqres/POST.feature","type":"feature"},"featureTag":{"name":"Reqres/testing POST in reqres web","type":"feature","displayName":"Reqres/testing POST in reqres web"},"title":"Post register succesfull","description":"","tags":[{"name":"Reqres","type":"capability","displayName":"Reqres"},{"name":"Tugas","type":"tag","displayName":"Tugas"},{"name":"Reqres/testing POST in reqres web","type":"feature","displayName":"testing POST in reqres web"}],"startTime":"2023-07-10T09:57:48.524738+07:00[Asia/Jakarta]","duration":737,"projectKey":"","isManualTestingUpToDate":false,"manual":false,"testSource":"Cucumber","result":"SUCCESS"}