{"name":"Get Single User with valid parameter page","id":"api-automed-tugas-qa-batch-11;get-single-user-with-valid-parameter-page","testSteps":[{"number":1,"description":"Given Get Single User with valid parameter id 2","duration":13,"startTime":"2023-07-10T09:57:36.202760600+07:00[Asia/Jakarta]","result":"SUCCESS","precondition":false,"level":0,"children":[{"number":2,"description":"Get Single User","duration":2,"startTime":"2023-07-10T09:57:36.211794600+07:00[Asia/Jakarta]","result":"SUCCESS","precondition":false,"level":1}]},{"number":3,"description":"When Send request single user","duration":337,"startTime":"2023-07-10T09:57:36.216848400+07:00[Asia/Jakarta]","result":"SUCCESS","precondition":false,"level":0,"children":[{"number":4,"description":"GET https://reqres.in/api/users/2\r","duration":0,"startTime":"2023-07-10T09:57:36.553054800+07:00[Asia/Jakarta]","result":"SUCCESS","restQuery":{"method":"GET","path":"https://reqres.in/api/users/2\r","content":"\r","contentType":"null","requestHeaders":"Accept\u003d*/*\r","requestCookies":"\r","responseHeaders":"Date: Mon, 10 Jul 2023 02:57:36 GMT\r\nContent-Type: application/json; charset\u003dutf-8\r\nTransfer-Encoding: chunked\r\nConnection: keep-alive\r\nX-Powered-By: Express\r\nAccess-Control-Allow-Origin: *\r\nEtag: W/\"118-pbdwwFo9SKNhD3Lx5iHJyngpq00\"\r\nVia: 1.1 vegur\r\nCache-Control: max-age\u003d14400\r\nCF-Cache-Status: HIT\r\nAge: 2736\r\nReport-To: {\"endpoints\":[{\"url\":\"https:\\/\\/a.nel.cloudflare.com\\/report\\/v3?s\u003dw5KHTw1zXRabh78qL3ovXTzx1rMJ0f%2B9tIpZKWgP8Vqn8Ig2ABfIpVqWE9070izmc49DbhckWb1DdFrUoFDMoCyJQNdTVXOTLZ6OpJCmb14R1pe07dx11EXakA%3D%3D\"}],\"group\":\"cf-nel\",\"max_age\":604800}\r\nNEL: {\"success_fraction\":0,\"report_to\":\"cf-nel\",\"max_age\":604800}\r\nVary: Accept-Encoding\r\nServer: cloudflare\r\nCF-RAY: 7e458a4dce088976-SIN\r\nContent-Encoding: gzip\r","responseCookies":"\r","responseBody":"{\n    \"data\": {\n        \"id\": 2,\n        \"email\": \"janet.weaver@reqres.in\",\n        \"first_name\": \"Janet\",\n        \"last_name\": \"Weaver\",\n        \"avatar\": \"https://reqres.in/img/faces/2-image.jpg\"\n    },\n    \"support\": {\n        \"url\": \"https://reqres.in/#support-heading\",\n        \"text\": \"To keep ReqRes free, contributions towards server costs are appreciated!\"\n    }\n}","statusCode":200},"precondition":false,"level":1}]},{"number":5,"description":"Then Status code should be 200 OK","duration":18,"startTime":"2023-07-10T09:57:36.557605+07:00[Asia/Jakarta]","result":"SUCCESS","precondition":false,"level":0},{"number":6,"description":"And Response email \"janet.weaver@reqres.in\"","duration":1381,"startTime":"2023-07-10T09:57:36.576648800+07:00[Asia/Jakarta]","result":"SUCCESS","precondition":false,"level":0},{"number":7,"description":"And Response first_name \"Janet\"","duration":58,"startTime":"2023-07-10T09:57:37.959013600+07:00[Asia/Jakarta]","result":"SUCCESS","precondition":false,"level":0},{"number":8,"description":"And Response last_name \"Weaver\"","duration":18,"startTime":"2023-07-10T09:57:38.017235600+07:00[Asia/Jakarta]","result":"SUCCESS","precondition":false,"level":0},{"number":9,"description":"And Response avatar \"https://reqres.in/img/faces/2-image.jpg\"","duration":29,"startTime":"2023-07-10T09:57:38.038670400+07:00[Asia/Jakarta]","result":"SUCCESS","precondition":false,"level":0},{"number":10,"description":"And Validate get single JSON schema","duration":709,"startTime":"2023-07-10T09:57:38.069493500+07:00[Asia/Jakarta]","result":"SUCCESS","precondition":false,"level":0}],"userStory":{"id":"api-automed-tugas-qa-batch-11","storyName":"API AUTOMED TUGAS QA BATCH 11","path":"classpath:features/Reqres/GET.feature","type":"feature"},"featureTag":{"name":"Reqres/API AUTOMED TUGAS QA BATCH 11","type":"feature","displayName":"Reqres/API AUTOMED TUGAS QA BATCH 11"},"title":"Get Single User with valid parameter page","description":"","tags":[{"name":"Reqres","type":"capability","displayName":"Reqres"},{"name":"Tugas","type":"tag","displayName":"Tugas"},{"name":"Reqres/API AUTOMED TUGAS QA BATCH 11","type":"feature","displayName":"API AUTOMED TUGAS QA BATCH 11"}],"startTime":"2023-07-10T09:57:36.195748+07:00[Asia/Jakarta]","duration":2586,"projectKey":"","isManualTestingUpToDate":false,"manual":false,"testSource":"Cucumber","result":"SUCCESS"}