{"name":"Post login with empty email and send password","id":"testing-post-in-reqres-web;post-login-with-empty-email-and-send-password","testSteps":[{"number":1,"description":"Given Post login with empty email and send password","duration":12,"startTime":"2023-07-10T09:57:47.012376100+07:00[Asia/Jakarta]","result":"SUCCESS","precondition":false,"level":0,"children":[{"number":2,"description":"Post login successfull","duration":0,"startTime":"2023-07-10T09:57:47.017901700+07:00[Asia/Jakarta]","result":"SUCCESS","precondition":false,"level":1}]},{"number":3,"description":"When Send request post login successfully","duration":763,"startTime":"2023-07-10T09:57:47.055883200+07:00[Asia/Jakarta]","result":"SUCCESS","precondition":false,"level":0,"children":[{"number":4,"description":"POST https://reqres.in/api/login\r","duration":0,"startTime":"2023-07-10T09:57:47.818029100+07:00[Asia/Jakarta]","result":"SUCCESS","restQuery":{"method":"POST","path":"https://reqres.in/api/login\r","content":"D:\\ALTA-Serenity-Rest-QE11-Khairul-Fahmi\\src\\test\\resources\\JSON\\ReqBody\\LoginwithEmptyEmail.json\r","contentType":"application/json","requestHeaders":"Accept\u003d*/*\r\n\t\t\t\tContent-Type\u003dapplication/json; charset\u003dUTF-8\r","requestCookies":"\r","responseHeaders":"Date: Mon, 10 Jul 2023 02:57:48 GMT\r\nContent-Type: application/json; charset\u003dutf-8\r\nContent-Length: 37\r\nConnection: keep-alive\r\nX-Powered-By: Express\r\nAccess-Control-Allow-Origin: *\r\nEtag: W/\"25-Ik70kof1lbc973ShN5FoVPxYn7A\"\r\nVia: 1.1 vegur\r\nCF-Cache-Status: DYNAMIC\r\nReport-To: {\"endpoints\":[{\"url\":\"https:\\/\\/a.nel.cloudflare.com\\/report\\/v3?s\u003dVT3jQK%2FV3U%2BVt30SmVJDMiIVt9kwe08U%2FqSr1y9DaNN6W%2FL1y48NcTiGkNWU336CRwAhLffwHQllyK0sH2TxX%2BuSC66XBiW87qmonQyTAaNKG5WR6RYfNgatwQ%3D%3D\"}],\"group\":\"cf-nel\",\"max_age\":604800}\r\nNEL: {\"success_fraction\":0,\"report_to\":\"cf-nel\",\"max_age\":604800}\r\nServer: cloudflare\r\nCF-RAY: 7e458a92a8f54a89-SIN\r","responseCookies":"\r","responseBody":"{\n    \"error\": \"Missing email or username\"\n}","statusCode":400},"precondition":false,"level":1}]},{"number":5,"description":"Then Status code should be 400 Bad Request","duration":5,"startTime":"2023-07-10T09:57:47.820030+07:00[Asia/Jakarta]","result":"SUCCESS","precondition":false,"level":0},{"number":6,"description":"And Response body is eror \"Missing email or username\"","duration":11,"startTime":"2023-07-10T09:57:47.826073100+07:00[Asia/Jakarta]","result":"SUCCESS","precondition":false,"level":0},{"number":7,"description":"And Validate post login successfull JSON schemas","duration":9,"startTime":"2023-07-10T09:57:47.837607600+07:00[Asia/Jakarta]","result":"SUCCESS","precondition":false,"level":0}],"userStory":{"id":"testing-post-in-reqres-web","storyName":"testing POST in reqres web","path":"classpath:features/Reqres/POST.feature","type":"feature"},"featureTag":{"name":"Reqres/testing POST in reqres web","type":"feature","displayName":"Reqres/testing POST in reqres web"},"title":"Post login with empty email and send password","description":"","tags":[{"name":"Reqres","type":"capability","displayName":"Reqres"},{"name":"Tugas","type":"tag","displayName":"Tugas"},{"name":"Reqres/testing POST in reqres web","type":"feature","displayName":"testing POST in reqres web"}],"startTime":"2023-07-10T09:57:46.999856500+07:00[Asia/Jakarta]","duration":848,"projectKey":"","isManualTestingUpToDate":false,"manual":false,"testSource":"Cucumber","result":"SUCCESS"}