{"name":"Post login succesfully","id":"testing-post-in-reqres-web;post-login-succesfully","testSteps":[{"number":1,"description":"Given Post login successfully with valid json","duration":14,"startTime":"2023-07-10T09:57:46.160320200+07:00[Asia/Jakarta]","result":"SUCCESS","precondition":false,"level":0,"children":[{"number":2,"description":"Post login successfull","duration":7,"startTime":"2023-07-10T09:57:46.165841700+07:00[Asia/Jakarta]","result":"SUCCESS","precondition":false,"level":1}]},{"number":3,"description":"When Send request post login successfully","duration":658,"startTime":"2023-07-10T09:57:46.175367700+07:00[Asia/Jakarta]","result":"SUCCESS","precondition":false,"level":0,"children":[{"number":4,"description":"POST https://reqres.in/api/login\r","duration":0,"startTime":"2023-07-10T09:57:46.831245900+07:00[Asia/Jakarta]","result":"SUCCESS","restQuery":{"method":"POST","path":"https://reqres.in/api/login\r","content":"D:\\ALTA-Serenity-Rest-QE11-Khairul-Fahmi\\src\\test\\resources\\JSON\\ReqBody\\LoginSuccessfull.json\r","contentType":"application/json","requestHeaders":"Accept\u003d*/*\r\n\t\t\t\tContent-Type\u003dapplication/json; charset\u003dUTF-8\r","requestCookies":"\r","responseHeaders":"Date: Mon, 10 Jul 2023 02:57:47 GMT\r\nContent-Type: application/json; charset\u003dutf-8\r\nContent-Length: 29\r\nConnection: keep-alive\r\nX-Powered-By: Express\r\nAccess-Control-Allow-Origin: *\r\nEtag: W/\"1d-lGCrvD6B7Qzk11+2C98+nGhhuec\"\r\nVia: 1.1 vegur\r\nCF-Cache-Status: DYNAMIC\r\nReport-To: {\"endpoints\":[{\"url\":\"https:\\/\\/a.nel.cloudflare.com\\/report\\/v3?s\u003df2WvjTBB6tC6FohZ6OGpQVUT0tGLC6g%2FLKwhQfOORfN9SRTI5hYvTr8UDGMlNpHHg0FPSXihCqGlfQJTyTDKHFdDRwdilouzcdi62QhRz%2FjI9urFbVE48w4YJA%3D%3D\"}],\"group\":\"cf-nel\",\"max_age\":604800}\r\nNEL: {\"success_fraction\":0,\"report_to\":\"cf-nel\",\"max_age\":604800}\r\nServer: cloudflare\r\nCF-RAY: 7e458a8ce9645601-SIN\r","responseCookies":"\r","responseBody":"{\n    \"token\": \"QpwL5tke4Pnpja7X4\"\n}","statusCode":200},"precondition":false,"level":1}]},{"number":5,"description":"Then Status code should be 200 OK","duration":9,"startTime":"2023-07-10T09:57:46.833754900+07:00[Asia/Jakarta]","result":"SUCCESS","precondition":false,"level":0},{"number":6,"description":"And Response body \"QpwL5tke4Pnpja7X4\"","duration":39,"startTime":"2023-07-10T09:57:46.845296400+07:00[Asia/Jakarta]","result":"SUCCESS","precondition":false,"level":0},{"number":7,"description":"And Validate post login successfull JSON schema","duration":58,"startTime":"2023-07-10T09:57:46.886369900+07:00[Asia/Jakarta]","result":"SUCCESS","precondition":false,"level":0}],"userStory":{"id":"testing-post-in-reqres-web","storyName":"testing POST in reqres web","path":"classpath:features/Reqres/POST.feature","type":"feature"},"featureTag":{"name":"Reqres/testing POST in reqres web","type":"feature","displayName":"Reqres/testing POST in reqres web"},"title":"Post login succesfully","description":"","tags":[{"name":"Reqres","type":"capability","displayName":"Reqres"},{"name":"Tugas","type":"tag","displayName":"Tugas"},{"name":"Reqres/testing POST in reqres web","type":"feature","displayName":"testing POST in reqres web"}],"startTime":"2023-07-10T09:57:46.155309800+07:00[Asia/Jakarta]","duration":792,"projectKey":"","isManualTestingUpToDate":false,"manual":false,"testSource":"Cucumber","result":"SUCCESS"}