{"name":"Delete user with valid parameter id","id":"delete-fitur-in-reqres;delete-user-with-valid-parameter-id","testSteps":[{"number":1,"description":"1: Delete user with valid parameter id ({id\u003d1})","duration":6002,"startTime":"2023-07-10T09:57:28.956564200+07:00[Asia/Jakarta]","result":"SUCCESS","precondition":false,"level":0,"lineNumber":9,"children":[{"number":2,"description":"Given Delete user with valid id 1","duration":3697,"startTime":"2023-07-10T09:57:28.983931900+07:00[Asia/Jakarta]","result":"SUCCESS","precondition":false,"level":1,"children":[{"number":3,"description":"Delete user","duration":3125,"startTime":"2023-07-10T09:57:29.539186400+07:00[Asia/Jakarta]","result":"SUCCESS","precondition":false,"level":2}]},{"number":4,"description":"When Send request delete user","duration":2168,"startTime":"2023-07-10T09:57:32.697064800+07:00[Asia/Jakarta]","result":"SUCCESS","precondition":false,"level":1,"children":[{"number":5,"description":"DELETE https://reqres.in/api/users/1\r","duration":3,"startTime":"2023-07-10T09:57:34.858230200+07:00[Asia/Jakarta]","result":"SUCCESS","restQuery":{"method":"DELETE","path":"https://reqres.in/api/users/1\r","content":"\r","contentType":"null","requestHeaders":"Accept\u003d*/*\r","requestCookies":"\r","responseHeaders":"Date: Mon, 10 Jul 2023 02:57:35 GMT\r\nContent-Length: 0\r\nConnection: keep-alive\r\nX-Powered-By: Express\r\nAccess-Control-Allow-Origin: *\r\nEtag: W/\"2-vyGp6PvFo4RvsFtPoIWeCReyIC8\"\r\nVia: 1.1 vegur\r\nCF-Cache-Status: DYNAMIC\r\nReport-To: {\"endpoints\":[{\"url\":\"https:\\/\\/a.nel.cloudflare.com\\/report\\/v3?s\u003dnjw5XkB3Oo8i3kUOebViO2ju1oPOrsdmGZO5s3W8LuTY7GuGQNwyd9Z%2BjJcAEu4XvSiQpdc%2BC5hTH2j2QX1g9PvocUo%2Bx7YIsxbGwq0W%2F03DfHfKJqHbDIbGkg%3D%3D\"}],\"group\":\"cf-nel\",\"max_age\":604800}\r\nNEL: {\"success_fraction\":0,\"report_to\":\"cf-nel\",\"max_age\":604800}\r\nServer: cloudflare\r\nCF-RAY: 7e458a418c58190c-SIN\r","responseCookies":"\r","statusCode":204},"precondition":false,"level":2}]},{"number":6,"description":"Then Status code should be 204 No Content","duration":79,"startTime":"2023-07-10T09:57:34.868741600+07:00[Asia/Jakarta]","result":"SUCCESS","precondition":false,"level":1}]},{"number":7,"description":"2: Delete user with valid parameter id ({id\u003d2})","duration":548,"startTime":"2023-07-10T09:57:35.015050400+07:00[Asia/Jakarta]","result":"SUCCESS","precondition":false,"level":0,"lineNumber":10,"children":[{"number":8,"description":"Given Delete user with valid id 2","duration":10,"startTime":"2023-07-10T09:57:35.019572800+07:00[Asia/Jakarta]","result":"SUCCESS","precondition":false,"level":1,"children":[{"number":9,"description":"Delete user","duration":0,"startTime":"2023-07-10T09:57:35.027302900+07:00[Asia/Jakarta]","result":"SUCCESS","precondition":false,"level":2}]},{"number":10,"description":"When Send request delete user","duration":522,"startTime":"2023-07-10T09:57:35.032300300+07:00[Asia/Jakarta]","result":"SUCCESS","precondition":false,"level":1,"children":[{"number":11,"description":"DELETE https://reqres.in/api/users/2\r","duration":0,"startTime":"2023-07-10T09:57:35.551704800+07:00[Asia/Jakarta]","result":"SUCCESS","restQuery":{"method":"DELETE","path":"https://reqres.in/api/users/2\r","content":"\r","contentType":"null","requestHeaders":"Accept\u003d*/*\r","requestCookies":"\r","responseHeaders":"Date: Mon, 10 Jul 2023 02:57:36 GMT\r\nContent-Length: 0\r\nConnection: keep-alive\r\nX-Powered-By: Express\r\nAccess-Control-Allow-Origin: *\r\nEtag: W/\"2-vyGp6PvFo4RvsFtPoIWeCReyIC8\"\r\nVia: 1.1 vegur\r\nCF-Cache-Status: DYNAMIC\r\nReport-To: {\"endpoints\":[{\"url\":\"https:\\/\\/a.nel.cloudflare.com\\/report\\/v3?s\u003dqGxGo3vkQCJ6gB5zr6BGc6E%2FhfHTujsBRwFvMMO%2FSlQlkoZvMldA4ZriKAX8qNwTuuWcuJSUQaqwVN%2BeAtrZLQa81BSAaNIY76VgKjTcoWsgRJCVoalEAxN7mA%3D%3D\"}],\"group\":\"cf-nel\",\"max_age\":604800}\r\nNEL: {\"success_fraction\":0,\"report_to\":\"cf-nel\",\"max_age\":604800}\r\nServer: cloudflare\r\nCF-RAY: 7e458a467cff6be8-SIN\r","responseCookies":"\r","statusCode":204},"precondition":false,"level":2}]},{"number":12,"description":"Then Status code should be 204 No Content","duration":4,"startTime":"2023-07-10T09:57:35.557235400+07:00[Asia/Jakarta]","result":"SUCCESS","precondition":false,"level":1}]},{"number":13,"description":"3: Delete user with valid parameter id ({id\u003d3})","duration":550,"startTime":"2023-07-10T09:57:35.576510900+07:00[Asia/Jakarta]","result":"SUCCESS","precondition":false,"level":0,"lineNumber":11,"children":[{"number":14,"description":"Given Delete user with valid id 3","duration":23,"startTime":"2023-07-10T09:57:35.579508+07:00[Asia/Jakarta]","result":"SUCCESS","precondition":false,"level":1,"children":[{"number":15,"description":"Delete user","duration":4,"startTime":"2023-07-10T09:57:35.593077500+07:00[Asia/Jakarta]","result":"SUCCESS","precondition":false,"level":2}]},{"number":16,"description":"When Send request delete user","duration":516,"startTime":"2023-07-10T09:57:35.605383700+07:00[Asia/Jakarta]","result":"SUCCESS","precondition":false,"level":1,"children":[{"number":17,"description":"DELETE https://reqres.in/api/users/3\r","duration":0,"startTime":"2023-07-10T09:57:36.120247700+07:00[Asia/Jakarta]","result":"SUCCESS","restQuery":{"method":"DELETE","path":"https://reqres.in/api/users/3\r","content":"\r","contentType":"null","requestHeaders":"Accept\u003d*/*\r","requestCookies":"\r","responseHeaders":"Date: Mon, 10 Jul 2023 02:57:36 GMT\r\nContent-Length: 0\r\nConnection: keep-alive\r\nX-Powered-By: Express\r\nAccess-Control-Allow-Origin: *\r\nEtag: W/\"2-vyGp6PvFo4RvsFtPoIWeCReyIC8\"\r\nVia: 1.1 vegur\r\nCF-Cache-Status: DYNAMIC\r\nReport-To: {\"endpoints\":[{\"url\":\"https:\\/\\/a.nel.cloudflare.com\\/report\\/v3?s\u003dQirO2s0%2BAiLCF9b1VGcDhmRrBCDmA76%2BOzBRAMFHZU2YWMQoNf4qAx2m0AZcF89wlRSpJwHJSLFWK%2FDZG4F0gUZcauoe4lme7LnW6w4tOrQUj%2BD%2B0f6XO0zkIQ%3D%3D\"}],\"group\":\"cf-nel\",\"max_age\":604800}\r\nNEL: {\"success_fraction\":0,\"report_to\":\"cf-nel\",\"max_age\":604800}\r\nServer: cloudflare\r\nCF-RAY: 7e458a4a1b3949b4-SIN\r","responseCookies":"\r","statusCode":204},"precondition":false,"level":2}]},{"number":18,"description":"Then Status code should be 204 No Content","duration":2,"startTime":"2023-07-10T09:57:36.123248700+07:00[Asia/Jakarta]","result":"SUCCESS","precondition":false,"level":1}]}],"userStory":{"id":"delete-fitur-in-reqres","storyName":"Delete fitur in reqres","path":"classpath:features/Reqres/DELETE.feature","type":"feature"},"featureTag":{"name":"Reqres/Delete fitur in reqres","type":"feature","displayName":"Reqres/Delete fitur in reqres"},"title":"Delete user with valid parameter id","description":"","tags":[{"name":"Reqres","type":"capability","displayName":"Reqres"},{"name":"Tugas","type":"tag","displayName":"Tugas"},{"name":"Reqres/Delete fitur in reqres","type":"feature","displayName":"Delete fitur in reqres"}],"startTime":"2023-07-10T09:57:28.571790+07:00[Asia/Jakarta]","duration":7556,"projectKey":"","isManualTestingUpToDate":false,"dataTable":{"headers":["id"],"rows":[{"values":["1"],"lineNumber":9,"result":"SUCCESS"},{"values":["2"],"lineNumber":10,"result":"SUCCESS"},{"values":["3"],"lineNumber":11,"result":"SUCCESS"}],"predefinedRows":true,"scenarioOutline":"Given Delete user with valid id \u003cid\u003e\n\rWhen Send request delete user\n\rThen Status code should be 204 No Content\n\r","dataSetDescriptors":[{"startRow":0,"rowCount":0,"name":"","description":""}]},"manual":false,"testSource":"Cucumber","result":"SUCCESS","scenarioOutline":"Given Delete user with valid id \u003cid\u003e\r\nWhen Send request delete user\r\nThen Status code should be 204 No Content"}