{"name":"Post login unsuccesfully","id":"testing-post-in-reqres-web;post-login-unsuccesfully","testSteps":[{"number":1,"description":"Given Post login unsuccessfully with invalid json","duration":8,"startTime":"2023-07-10T09:57:47.927277900+07:00[Asia/Jakarta]","result":"SUCCESS","precondition":false,"level":0,"children":[{"number":2,"description":"Post login unsuccessfull","duration":1,"startTime":"2023-07-10T09:57:47.932581+07:00[Asia/Jakarta]","result":"SUCCESS","precondition":false,"level":1}]},{"number":3,"description":"When Send request post login unsuccessfully","duration":546,"startTime":"2023-07-10T09:57:47.938186300+07:00[Asia/Jakarta]","result":"SUCCESS","precondition":false,"level":0,"children":[{"number":4,"description":"POST https://reqres.in/api/login\r","duration":0,"startTime":"2023-07-10T09:57:48.483290100+07:00[Asia/Jakarta]","result":"SUCCESS","restQuery":{"method":"POST","path":"https://reqres.in/api/login\r","content":"D:\\ALTA-Serenity-Rest-QE11-Khairul-Fahmi\\src\\test\\resources\\JSON\\ReqBody\\LoginUNsuccessfull.json\r","contentType":"application/json","requestHeaders":"Accept\u003d*/*\r\n\t\t\t\tContent-Type\u003dapplication/json; charset\u003dUTF-8\r","requestCookies":"\r","responseHeaders":"Date: Mon, 10 Jul 2023 02:57:49 GMT\r\nContent-Type: application/json; charset\u003dutf-8\r\nContent-Length: 28\r\nConnection: keep-alive\r\nX-Powered-By: Express\r\nAccess-Control-Allow-Origin: *\r\nEtag: W/\"1c-NmpazMScs9tOqR7eDEesn+pqC9Q\"\r\nVia: 1.1 vegur\r\nCF-Cache-Status: DYNAMIC\r\nReport-To: {\"endpoints\":[{\"url\":\"https:\\/\\/a.nel.cloudflare.com\\/report\\/v3?s\u003dGtwXjWIqxf9kH0aBt2F9rPPp%2F5PvhFEwT4Ap1mAyAdlYFrf2RyJQVsWrjk52CvtkDwcPyyzw3SkFd%2Fq1BHr0N03TBDWvEwLnWcNMPPoNqA%2BvRpKHl%2B4WejVicg%3D%3D\"}],\"group\":\"cf-nel\",\"max_age\":604800}\r\nNEL: {\"success_fraction\":0,\"report_to\":\"cf-nel\",\"max_age\":604800}\r\nServer: cloudflare\r\nCF-RAY: 7e458a976bc34495-SIN\r","responseCookies":"\r","responseBody":"{\n    \"error\": \"Missing password\"\n}","statusCode":400},"precondition":false,"level":1}]},{"number":5,"description":"Then Status code should be 400 Bad Request","duration":1,"startTime":"2023-07-10T09:57:48.485805200+07:00[Asia/Jakarta]","result":"SUCCESS","precondition":false,"level":0},{"number":6,"description":"And Response body is \"Missing password\"","duration":17,"startTime":"2023-07-10T09:57:48.487813800+07:00[Asia/Jakarta]","result":"SUCCESS","precondition":false,"level":0},{"number":7,"description":"And Validate post login unsuccessfull JSON schema","duration":5,"startTime":"2023-07-10T09:57:48.505862500+07:00[Asia/Jakarta]","result":"SUCCESS","precondition":false,"level":0}],"userStory":{"id":"testing-post-in-reqres-web","storyName":"testing POST in reqres web","path":"classpath:features/Reqres/POST.feature","type":"feature"},"featureTag":{"name":"Reqres/testing POST in reqres web","type":"feature","displayName":"Reqres/testing POST in reqres web"},"title":"Post login unsuccesfully","description":"","tags":[{"name":"Reqres","type":"capability","displayName":"Reqres"},{"name":"Tugas","type":"tag","displayName":"Tugas"},{"name":"Reqres/testing POST in reqres web","type":"feature","displayName":"testing POST in reqres web"}],"startTime":"2023-07-10T09:57:47.912229+07:00[Asia/Jakarta]","duration":600,"projectKey":"","isManualTestingUpToDate":false,"manual":false,"testSource":"Cucumber","result":"SUCCESS"}