{"name":"Get delayed response","id":"api-automed-tugas-qa-batch-11;get-delayed-response","testSteps":[{"number":1,"description":"1: Get delayed response ({id\u003d3})","duration":3909,"startTime":"2023-07-10T09:57:42.208058100+07:00[Asia/Jakarta]","result":"SUCCESS","precondition":false,"level":0,"lineNumber":67,"children":[{"number":2,"description":"Given Get delayed response 3","duration":45,"startTime":"2023-07-10T09:57:42.211059+07:00[Asia/Jakarta]","result":"SUCCESS","precondition":false,"level":1,"children":[{"number":3,"description":"Get delayed","duration":14,"startTime":"2023-07-10T09:57:42.232169100+07:00[Asia/Jakarta]","result":"SUCCESS","precondition":false,"level":2}]},{"number":4,"description":"When Send request get delayed response","duration":3830,"startTime":"2023-07-10T09:57:42.262532+07:00[Asia/Jakarta]","result":"SUCCESS","precondition":false,"level":1,"children":[{"number":5,"description":"GET https://reqres.in/api/users?delay\u003d3\r","duration":0,"startTime":"2023-07-10T09:57:46.086908300+07:00[Asia/Jakarta]","result":"SUCCESS","restQuery":{"method":"GET","path":"https://reqres.in/api/users?delay\u003d3\r","content":"\r","contentType":"null","requestHeaders":"Accept\u003d*/*\r","requestCookies":"\r","responseHeaders":"Date: Mon, 10 Jul 2023 02:57:46 GMT\r\nContent-Type: application/json; charset\u003dutf-8\r\nTransfer-Encoding: chunked\r\nConnection: keep-alive\r\nX-Powered-By: Express\r\nAccess-Control-Allow-Origin: *\r\nEtag: W/\"3e4-2RLXvr5wTg9YQ6aH95CkYoFNuO8\"\r\nVia: 1.1 vegur\r\nCF-Cache-Status: DYNAMIC\r\nReport-To: {\"endpoints\":[{\"url\":\"https:\\/\\/a.nel.cloudflare.com\\/report\\/v3?s\u003dGq9%2F%2FxVLMYBMkzxs6bRyGpQj2v4LdyANT1SpE6oJiOTZ%2BMw9isM1A23vabdcjjblgEF1CIrQloGuVbP6Ck6r5cW49oqnksQd96QI62SUkrZPaPd3jbdSiE5WcA%3D%3D\"}],\"group\":\"cf-nel\",\"max_age\":604800}\r\nNEL: {\"success_fraction\":0,\"report_to\":\"cf-nel\",\"max_age\":604800}\r\nServer: cloudflare\r\nCF-RAY: 7e458a758d0787ef-SIN\r\nContent-Encoding: gzip\r","responseCookies":"\r","responseBody":"{\n    \"page\": 1,\n    \"per_page\": 6,\n    \"total\": 12,\n    \"total_pages\": 2,\n    \"data\": [\n        {\n            \"id\": 1,\n            \"email\": \"george.bluth@reqres.in\",\n            \"first_name\": \"George\",\n            \"last_name\": \"Bluth\",\n            \"avatar\": \"https://reqres.in/img/faces/1-image.jpg\"\n        },\n        {\n            \"id\": 2,\n            \"email\": \"janet.weaver@reqres.in\",\n            \"first_name\": \"Janet\",\n            \"last_name\": \"Weaver\",\n            \"avatar\": \"https://reqres.in/img/faces/2-image.jpg\"\n        },\n        {\n            \"id\": 3,\n            \"email\": \"emma.wong@reqres.in\",\n            \"first_name\": \"Emma\",\n            \"last_name\": \"Wong\",\n            \"avatar\": \"https://reqres.in/img/faces/3-image.jpg\"\n        },\n        {\n            \"id\": 4,\n            \"email\": \"eve.holt@reqres.in\",\n            \"first_name\": \"Eve\",\n            \"last_name\": \"Holt\",\n            \"avatar\": \"https://reqres.in/img/faces/4-image.jpg\"\n        },\n        {\n            \"id\": 5,\n            \"email\": \"charles.morris@reqres.in\",\n            \"first_name\": \"Charles\",\n            \"last_name\": \"Morris\",\n            \"avatar\": \"https://reqres.in/img/faces/5-image.jpg\"\n        },\n        {\n            \"id\": 6,\n            \"email\": \"tracey.ramos@reqres.in\",\n            \"first_name\": \"Tracey\",\n            \"last_name\": \"Ramos\",\n            \"avatar\": \"https://reqres.in/img/faces/6-image.jpg\"\n        }\n    ],\n    \"support\": {\n        \"url\": \"https://reqres.in/#support-heading\",\n        \"text\": \"To keep ReqRes free, contributions towards server costs are appreciated!\"\n    }\n}","statusCode":200},"precondition":false,"level":2}]},{"number":6,"description":"Then Status code should be 200 OK","duration":5,"startTime":"2023-07-10T09:57:46.094415+07:00[Asia/Jakarta]","result":"SUCCESS","precondition":false,"level":1},{"number":7,"description":"And Validate JSON schema","duration":16,"startTime":"2023-07-10T09:57:46.100668900+07:00[Asia/Jakarta]","result":"SUCCESS","precondition":false,"level":1}]}],"userStory":{"id":"api-automed-tugas-qa-batch-11","storyName":"API AUTOMED TUGAS QA BATCH 11","path":"classpath:features/Reqres/GET.feature","type":"feature"},"featureTag":{"name":"Reqres/API AUTOMED TUGAS QA BATCH 11","type":"feature","displayName":"Reqres/API AUTOMED TUGAS QA BATCH 11"},"title":"Get delayed response","description":"","tags":[{"name":"Reqres","type":"capability","displayName":"Reqres"},{"name":"Tugas","type":"tag","displayName":"Tugas"},{"name":"Reqres/API AUTOMED TUGAS QA BATCH 11","type":"feature","displayName":"API AUTOMED TUGAS QA BATCH 11"}],"startTime":"2023-07-10T09:57:42.187991800+07:00[Asia/Jakarta]","duration":3930,"projectKey":"","isManualTestingUpToDate":false,"dataTable":{"headers":["id"],"rows":[{"values":["3"],"lineNumber":67,"result":"SUCCESS"}],"predefinedRows":true,"scenarioOutline":"Given Get delayed response \u003cid\u003e\n\rWhen Send request get delayed response\n\rThen Status code should be 200 OK\n\rAnd Validate JSON schema\n\r","dataSetDescriptors":[{"startRow":0,"rowCount":0,"name":"","description":""}]},"manual":false,"testSource":"Cucumber","result":"SUCCESS","scenarioOutline":"Given Get delayed response \u003cid\u003e\r\nWhen Send request get delayed response\r\nThen Status code should be 200 OK\r\nAnd Validate JSON schema"}