{"name":"Put update user with valid parameter id and JSON","id":"put-in-reqres;put-update-user-with-valid-parameter-id-and-json","testSteps":[{"number":1,"description":"1: Put update user with valid parameter id and JSON ({id\u003d1})","duration":564,"startTime":"2023-07-10T09:57:50.912491900+07:00[Asia/Jakarta]","result":"SUCCESS","precondition":false,"level":0,"lineNumber":11,"children":[{"number":2,"description":"Given Put update user with valid id 1 and json","duration":12,"startTime":"2023-07-10T09:57:50.914000300+07:00[Asia/Jakarta]","result":"SUCCESS","precondition":false,"level":1,"children":[{"number":3,"description":"Put update user","duration":4,"startTime":"2023-07-10T09:57:50.921013500+07:00[Asia/Jakarta]","result":"SUCCESS","precondition":false,"level":2}]},{"number":4,"description":"When Send request user with valid id and json","duration":512,"startTime":"2023-07-10T09:57:50.927523200+07:00[Asia/Jakarta]","result":"SUCCESS","precondition":false,"level":1,"children":[{"number":5,"description":"PUT https://reqres.in/api/users/1\r","duration":0,"startTime":"2023-07-10T09:57:51.438137300+07:00[Asia/Jakarta]","result":"SUCCESS","restQuery":{"method":"PUT","path":"https://reqres.in/api/users/1\r","content":"D:\\ALTA-Serenity-Rest-QE11-Khairul-Fahmi\\src\\test\\resources\\JSON\\ReqBody\\PUTUpdateUser.json\r","contentType":"application/json","requestHeaders":"Accept\u003d*/*\r\n\t\t\t\tContent-Type\u003dapplication/json; charset\u003dUTF-8\r","requestCookies":"\r","responseHeaders":"Date: Mon, 10 Jul 2023 02:57:51 GMT\r\nContent-Type: application/json; charset\u003dutf-8\r\nTransfer-Encoding: chunked\r\nConnection: keep-alive\r\nX-Powered-By: Express\r\nAccess-Control-Allow-Origin: *\r\nEtag: W/\"50-OMaU1d9FNDPAV/jKMgJhRhpE4kU\"\r\nVia: 1.1 vegur\r\nCF-Cache-Status: DYNAMIC\r\nReport-To: {\"endpoints\":[{\"url\":\"https:\\/\\/a.nel.cloudflare.com\\/report\\/v3?s\u003dMpQpcP6x9PGTHiBd%2F3mCV%2BUJTCjfNR%2FrgB%2BJ0y6DDMajvjF2L%2Bko5dQYH6L%2Bm6o8u8UlPJJCz1BYvWtnKUzUcupiO4DfKCzNnGHtIYRAvur78C%2FphuDCBsHGuw%3D%3D\"}],\"group\":\"cf-nel\",\"max_age\":604800}\r\nNEL: {\"success_fraction\":0,\"report_to\":\"cf-nel\",\"max_age\":604800}\r\nVary: Accept-Encoding\r\nServer: cloudflare\r\nCF-RAY: 7e458aa9ab2e880d-SIN\r\nContent-Encoding: gzip\r","responseCookies":"\r","responseBody":"{\n    \"name\": \"morpheus\",\n    \"job\": \"zion resident\",\n    \"updatedAt\": \"2023-07-10T02:57:51.889Z\"\n}","statusCode":200},"precondition":false,"level":2}]},{"number":6,"description":"Then Status code should be 200 OK","duration":4,"startTime":"2023-07-10T09:57:51.440136400+07:00[Asia/Jakarta]","result":"SUCCESS","precondition":false,"level":1},{"number":7,"description":"And Response body name was \"morpheus\" and job was \"zion resident\"","duration":22,"startTime":"2023-07-10T09:57:51.444642600+07:00[Asia/Jakarta]","result":"SUCCESS","precondition":false,"level":1},{"number":8,"description":"And Validate put update JSON schema","duration":8,"startTime":"2023-07-10T09:57:51.467716+07:00[Asia/Jakarta]","result":"SUCCESS","precondition":false,"level":1}]},{"number":9,"description":"2: Put update user with valid parameter id and JSON ({id\u003d2})","duration":614,"startTime":"2023-07-10T09:57:51.485268600+07:00[Asia/Jakarta]","result":"SUCCESS","precondition":false,"level":0,"lineNumber":12,"children":[{"number":10,"description":"Given Put update user with valid id 2 and json","duration":6,"startTime":"2023-07-10T09:57:51.486276900+07:00[Asia/Jakarta]","result":"SUCCESS","precondition":false,"level":1,"children":[{"number":11,"description":"Put update user","duration":1,"startTime":"2023-07-10T09:57:51.489283400+07:00[Asia/Jakarta]","result":"SUCCESS","precondition":false,"level":2}]},{"number":12,"description":"When Send request user with valid id and json","duration":555,"startTime":"2023-07-10T09:57:51.492284600+07:00[Asia/Jakarta]","result":"SUCCESS","precondition":false,"level":1,"children":[{"number":13,"description":"PUT https://reqres.in/api/users/2\r","duration":0,"startTime":"2023-07-10T09:57:52.045986400+07:00[Asia/Jakarta]","result":"SUCCESS","restQuery":{"method":"PUT","path":"https://reqres.in/api/users/2\r","content":"D:\\ALTA-Serenity-Rest-QE11-Khairul-Fahmi\\src\\test\\resources\\JSON\\ReqBody\\PUTUpdateUser.json\r","contentType":"application/json","requestHeaders":"Accept\u003d*/*\r\n\t\t\t\tContent-Type\u003dapplication/json; charset\u003dUTF-8\r","requestCookies":"\r","responseHeaders":"Date: Mon, 10 Jul 2023 02:57:52 GMT\r\nContent-Type: application/json; charset\u003dutf-8\r\nTransfer-Encoding: chunked\r\nConnection: keep-alive\r\nX-Powered-By: Express\r\nAccess-Control-Allow-Origin: *\r\nEtag: W/\"50-mD+hCqxDjeEjSYotekAPVTfOTOo\"\r\nVia: 1.1 vegur\r\nCF-Cache-Status: DYNAMIC\r\nReport-To: {\"endpoints\":[{\"url\":\"https:\\/\\/a.nel.cloudflare.com\\/report\\/v3?s\u003dQGhTXeGQZrWmCe8oEBceNfkrv7DNPJl3seC9nT2e4PgnKwCkquv6rm1M%2BXP9zNBSrxvHiObc3m7xvQ2GY7AuZonrXC8jqMFpxgJ%2BA1c6yWSs7c4%2B%2FdohyhxaVg%3D%3D\"}],\"group\":\"cf-nel\",\"max_age\":604800}\r\nNEL: {\"success_fraction\":0,\"report_to\":\"cf-nel\",\"max_age\":604800}\r\nVary: Accept-Encoding\r\nServer: cloudflare\r\nCF-RAY: 7e458aada92f491e-SIN\r\nContent-Encoding: gzip\r","responseCookies":"\r","responseBody":"{\n    \"name\": \"morpheus\",\n    \"job\": \"zion resident\",\n    \"updatedAt\": \"2023-07-10T02:57:52.530Z\"\n}","statusCode":200},"precondition":false,"level":2}]},{"number":14,"description":"Then Status code should be 200 OK","duration":9,"startTime":"2023-07-10T09:57:52.049986100+07:00[Asia/Jakarta]","result":"SUCCESS","precondition":false,"level":1},{"number":15,"description":"And Response body name was \"morpheus\" and job was \"zion resident\"","duration":29,"startTime":"2023-07-10T09:57:52.062554500+07:00[Asia/Jakarta]","result":"SUCCESS","precondition":false,"level":1},{"number":16,"description":"And Validate put update JSON schema","duration":5,"startTime":"2023-07-10T09:57:52.093096700+07:00[Asia/Jakarta]","result":"SUCCESS","precondition":false,"level":1}]}],"userStory":{"id":"put-in-reqres","storyName":"PUT in reqres","path":"classpath:features/Reqres/PUT.feature","type":"feature"},"featureTag":{"name":"Reqres/PUT in reqres","type":"feature","displayName":"Reqres/PUT in reqres"},"title":"Put update user with valid parameter id and JSON","description":"","tags":[{"name":"Reqres","type":"capability","displayName":"Reqres"},{"name":"Reqres/PUT in reqres","type":"feature","displayName":"PUT in reqres"},{"name":"Tugas","type":"tag","displayName":"Tugas"}],"startTime":"2023-07-10T09:57:50.897962200+07:00[Asia/Jakarta]","duration":1204,"projectKey":"","isManualTestingUpToDate":false,"dataTable":{"headers":["id"],"rows":[{"values":["1"],"lineNumber":11,"result":"SUCCESS"},{"values":["2"],"lineNumber":12,"result":"SUCCESS"}],"predefinedRows":true,"scenarioOutline":"Given Put update user with valid id \u003cid\u003e and json\n\rWhen Send request user with valid id and json\n\rThen Status code should be 200 OK\n\rAnd Response body name was \"morpheus\" and job was \"zion resident\"\n\rAnd Validate put update JSON schema\n\r","dataSetDescriptors":[{"startRow":0,"rowCount":0,"name":"","description":""}]},"manual":false,"testSource":"Cucumber","result":"SUCCESS","scenarioOutline":"Given Put update user with valid id \u003cid\u003e and json\r\nWhen Send request user with valid id and json\r\nThen Status code should be 200 OK\r\nAnd Response body name was \"morpheus\" and job was \"zion resident\"\r\nAnd Validate put update JSON schema"}