{"name":"Get single resource not found","id":"api-automed-tugas-qa-batch-11;get-single-resource-not-found","testSteps":[{"number":1,"description":"1: Get single resource not found ({id\u003d23})","duration":522,"startTime":"2023-07-10T09:57:40.976484100+07:00[Asia/Jakarta]","result":"SUCCESS","precondition":false,"level":0,"lineNumber":42,"children":[{"number":2,"description":"Given Get single resource not found with valid id 23","duration":5,"startTime":"2023-07-10T09:57:40.978751100+07:00[Asia/Jakarta]","result":"SUCCESS","precondition":false,"level":1},{"number":3,"description":"When Send request single resource not found","duration":508,"startTime":"2023-07-10T09:57:40.986276700+07:00[Asia/Jakarta]","result":"SUCCESS","precondition":false,"level":1,"children":[{"number":4,"description":"GET https://reqres.in/api/unknown/23\r","duration":0,"startTime":"2023-07-10T09:57:41.492454+07:00[Asia/Jakarta]","result":"SUCCESS","restQuery":{"method":"GET","path":"https://reqres.in/api/unknown/23\r","content":"\r","contentType":"null","requestHeaders":"Accept\u003d*/*\r","requestCookies":"\r","responseHeaders":"Date: Mon, 10 Jul 2023 02:57:42 GMT\r\nContent-Type: application/json; charset\u003dutf-8\r\nContent-Length: 2\r\nConnection: keep-alive\r\nX-Powered-By: Express\r\nAccess-Control-Allow-Origin: *\r\nEtag: W/\"2-vyGp6PvFo4RvsFtPoIWeCReyIC8\"\r\nVia: 1.1 vegur\r\nCache-Control: max-age\u003d14400\r\nCF-Cache-Status: EXPIRED\r\nReport-To: {\"endpoints\":[{\"url\":\"https:\\/\\/a.nel.cloudflare.com\\/report\\/v3?s\u003dqCmK4wyYCRIvomioimmZs9HCyJ80h68QB8nXUxgjUwK%2FUKlmYP3Eb8tgqlLJwveU7ionIs9oEnvGxEqgnzZ8C6dnnj4JBQg2E%2B6Y%2FjHcUympPAd2gP9ev6q0iA%3D%3D\"}],\"group\":\"cf-nel\",\"max_age\":604800}\r\nNEL: {\"success_fraction\":0,\"report_to\":\"cf-nel\",\"max_age\":604800}\r\nVary: Accept-Encoding\r\nServer: cloudflare\r\nCF-RAY: 7e458a6b8a775608-SIN\r","responseCookies":"\r","responseBody":"{\n    \n}","statusCode":404},"precondition":false,"level":2}]},{"number":5,"description":"Then Status code should be 404 Not Found","duration":2,"startTime":"2023-07-10T09:57:41.496140700+07:00[Asia/Jakarta]","result":"SUCCESS","precondition":false,"level":1}]}],"userStory":{"id":"api-automed-tugas-qa-batch-11","storyName":"API AUTOMED TUGAS QA BATCH 11","path":"classpath:features/Reqres/GET.feature","type":"feature"},"featureTag":{"name":"Reqres/API AUTOMED TUGAS QA BATCH 11","type":"feature","displayName":"Reqres/API AUTOMED TUGAS QA BATCH 11"},"title":"Get single resource not found","description":"","tags":[{"name":"Reqres","type":"capability","displayName":"Reqres"},{"name":"Tugas","type":"tag","displayName":"Tugas"},{"name":"Reqres/API AUTOMED TUGAS QA BATCH 11","type":"feature","displayName":"API AUTOMED TUGAS QA BATCH 11"}],"startTime":"2023-07-10T09:57:40.958643900+07:00[Asia/Jakarta]","duration":542,"projectKey":"","isManualTestingUpToDate":false,"dataTable":{"headers":["id"],"rows":[{"values":["23"],"lineNumber":42,"result":"SUCCESS"}],"predefinedRows":true,"scenarioOutline":"Given Get single resource not found with valid id \u003cid\u003e\n\rWhen Send request single resource not found\n\rThen Status code should be 404 Not Found\n\r","dataSetDescriptors":[{"startRow":0,"rowCount":0,"name":"","description":""}]},"manual":false,"testSource":"Cucumber","result":"SUCCESS","scenarioOutline":"Given Get single resource not found with valid id \u003cid\u003e\r\nWhen Send request single resource not found\r\nThen Status code should be 404 Not Found"}