"Story","Title","Result","Date","Stability","Duration (s)"
"testing POST in reqres web","Post login succesfully","SUCCESS","2023-07-10T09:57:46.1553098+07:00[Asia/Jakarta]","0.0","0.79"
"testing POST in reqres web","Post login with empty email and send password","SUCCESS","2023-07-10T09:57:46.9998565+07:00[Asia/Jakarta]","0.0","0.85"
"testing POST in reqres web","Post login unsuccesfully","SUCCESS","2023-07-10T09:57:47.912229+07:00[Asia/Jakarta]","0.0","0.6"
"testing POST in reqres web","Post register succesfull","SUCCESS","2023-07-10T09:57:48.524738+07:00[Asia/Jakarta]","0.0","0.74"
"testing POST in reqres web","Post register with empty email and empty password","SUCCESS","2023-07-10T09:57:49.271567+07:00[Asia/Jakarta]","0.0","0.51"
"testing POST in reqres web","Post register unsuccessfull","SUCCESS","2023-07-10T09:57:49.7889883+07:00[Asia/Jakarta]","0.0","0.51"
"testing POST in reqres web","Post create new user with valid JSON","SUCCESS","2023-07-10T09:57:50.3107618+07:00[Asia/Jakarta]","0.0","0.56"
