{"name":"Get Single User not found","id":"api-automed-tugas-qa-batch-11;get-single-user-not-found","testSteps":[{"number":1,"description":"1: Get Single User not found ({id\u003d23})","duration":534,"startTime":"2023-07-10T09:57:38.822195100+07:00[Asia/Jakarta]","result":"SUCCESS","precondition":false,"level":0,"lineNumber":20,"children":[{"number":2,"description":"Given Get single user not found with invalid 23","duration":9,"startTime":"2023-07-10T09:57:38.823194+07:00[Asia/Jakarta]","result":"SUCCESS","precondition":false,"level":1,"children":[{"number":3,"description":"Get single user not found","duration":2,"startTime":"2023-07-10T09:57:38.828708800+07:00[Asia/Jakarta]","result":"SUCCESS","precondition":false,"level":2}]},{"number":4,"description":"When Send request single user not found","duration":517,"startTime":"2023-07-10T09:57:38.835220+07:00[Asia/Jakarta]","result":"SUCCESS","precondition":false,"level":1,"children":[{"number":5,"description":"GET https://reqres.in/api/users/23\r","duration":0,"startTime":"2023-07-10T09:57:39.351386400+07:00[Asia/Jakarta]","result":"SUCCESS","restQuery":{"method":"GET","path":"https://reqres.in/api/users/23\r","content":"\r","contentType":"null","requestHeaders":"Accept\u003d*/*\r","requestCookies":"\r","responseHeaders":"Date: Mon, 10 Jul 2023 02:57:39 GMT\r\nContent-Type: application/json; charset\u003dutf-8\r\nContent-Length: 2\r\nConnection: keep-alive\r\nX-Powered-By: Express\r\nAccess-Control-Allow-Origin: *\r\nEtag: W/\"2-vyGp6PvFo4RvsFtPoIWeCReyIC8\"\r\nVia: 1.1 vegur\r\nCache-Control: max-age\u003d14400\r\nCF-Cache-Status: EXPIRED\r\nReport-To: {\"endpoints\":[{\"url\":\"https:\\/\\/a.nel.cloudflare.com\\/report\\/v3?s\u003dT8gFxH7nyakfJSP9WR8%2F6EQxjhQYRV%2FGs6pkXqac%2BrqdkFgTIVOrzJ2KTgssApMNAWjQRuj47eHQpkbq7SKi%2BZUUWzY3T%2FZBIhjXW7MrK47ezFVrugX0sg17tA%3D%3D\"}],\"group\":\"cf-nel\",\"max_age\":604800}\r\nNEL: {\"success_fraction\":0,\"report_to\":\"cf-nel\",\"max_age\":604800}\r\nVary: Accept-Encoding\r\nServer: cloudflare\r\nCF-RAY: 7e458a5e5f6b40df-SIN\r","responseCookies":"\r","responseBody":"{\n    \n}","statusCode":404},"precondition":false,"level":2}]},{"number":6,"description":"Then Status code should be 404 Not Found","duration":1,"startTime":"2023-07-10T09:57:39.353898800+07:00[Asia/Jakarta]","result":"SUCCESS","precondition":false,"level":1}]}],"userStory":{"id":"api-automed-tugas-qa-batch-11","storyName":"API AUTOMED TUGAS QA BATCH 11","path":"classpath:features/Reqres/GET.feature","type":"feature"},"featureTag":{"name":"Reqres/API AUTOMED TUGAS QA BATCH 11","type":"feature","displayName":"Reqres/API AUTOMED TUGAS QA BATCH 11"},"title":"Get Single User not found","description":"","tags":[{"name":"Reqres","type":"capability","displayName":"Reqres"},{"name":"Tugas","type":"tag","displayName":"Tugas"},{"name":"Reqres/API AUTOMED TUGAS QA BATCH 11","type":"feature","displayName":"API AUTOMED TUGAS QA BATCH 11"}],"startTime":"2023-07-10T09:57:38.805138400+07:00[Asia/Jakarta]","duration":553,"projectKey":"","isManualTestingUpToDate":false,"dataTable":{"headers":["id"],"rows":[{"values":["23"],"lineNumber":20,"result":"SUCCESS"}],"predefinedRows":true,"scenarioOutline":"Given Get single user not found with invalid \u003cid\u003e\n\rWhen Send request single user not found\n\rThen Status code should be 404 Not Found\n\r","dataSetDescriptors":[{"startRow":0,"rowCount":0,"name":"","description":""}]},"manual":false,"testSource":"Cucumber","result":"SUCCESS","scenarioOutline":"Given Get single user not found with invalid \u003cid\u003e\r\nWhen Send request single user not found\r\nThen Status code should be 404 Not Found"}